id,embedding,page_source,text
2426e4fd-c25e-45ae-9f9b-91fb75eb2adb,"[-0.046475499868392944, 0.001333853229880333, -0.006484507117420435, -0.03824268653988838, -0.014431500807404518, -0.009508224204182625, -0.018098650500178337, 0.009750339202582836, 0.03787924721837044, 0.012572336941957474, -0.02167654037475586, 0.04061323404312134, 0.029320675879716873, 0.013401438482105732, 0.018738560378551483, 0.03562307357788086, 0.09269499033689499, -0.06853023171424866, -0.04147297143936157, -0.0280242171138525, -0.0015143149066716433, 0.0036523728631436825, -0.06471847742795944, 0.028824852779507637, 0.030573174357414246, -0.037887029349803925, 0.020418750122189522, -0.03829357028007507, -0.053999483585357666, 0.02573833242058754, -0.0035563278943300247, 0.009301833808422089, -0.0046647037379443645, -0.048892196267843246, -0.008747169747948647, 0.01112519484013319, 0.027727287262678146, -0.0213971845805645, 0.012534849345684052, 0.033943064510822296, 0.03143474832177162, -0.026567041873931885, 0.042700644582509995, -0.07256988435983658, -0.023834366351366043, 0.06617780774831772, -0.015235930681228638, 0.023060400038957596, -0.023755373433232307, -0.06527397036552429, 0.02742578275501728, 0.013165333308279514, -0.04503699392080307, 0.01372933853417635, 0.0066968114115297794, 0.06410402804613113, -0.007147063966840506, 0.02751312218606472, -0.06097440794110298, -0.043117620050907135, -0.01698419824242592, 0.007306861691176891, 0.002904206980019808, -0.041837241500616074, -0.07502630352973938, 0.0031669700983911753, 0.028241433203220367, -0.0060341134667396545, 0.04168342053890228, -0.04371471703052521, -0.04335496574640274, -0.00731699401512742, 0.013660755939781666, 0.013279976323246956, 0.007967637851834297, 0.009294487535953522, 0.024646976962685585, 0.08496642857789993, 0.0342172309756279, 0.033222876489162445, -0.06274066865444183, -0.013553626835346222, -0.06601078808307648, 0.042183615267276764, 0.0638638287782669, -0.035180967301130295, -0.02248317003250122, -0.06329343467950821, -0.08956310153007507, 0.04676394164562225, 0.011469817720353603, 0.0037561580538749695, -0.03247131407260895, -0.03632967546582222, 0.03462735190987587, 0.07090751081705093, 0.03037121333181858, 0.06930132210254669, -0.010452572256326675, 0.05942591652274132, 0.05526784807443619, 0.008680712431669235, -0.00014141459541860968, -0.009207364171743393, 0.042584434151649475, 0.09977525472640991, -0.07687500864267349, 0.04907331243157387, -0.030329054221510887, -0.06356776505708694, -0.044207070022821426, -0.05019904300570488, -0.0287576075643301, 0.07328099757432938, 0.03166202828288078, -0.024355845525860786, 0.014731663279235363, -0.022763259708881378, -0.11467409878969193, -0.12104853987693787, -0.03681938350200653, 0.011418741196393967, 0.007731410209089518, 0.05454320088028908, -0.026244929060339928, 0.010258560068905354, 0.05829811468720436, 0.040622513741254807, 0.009626412764191628, -0.04112842679023743, -0.02135722152888775, -0.025961019098758698, 0.03124658390879631, 0.03458776697516441, 0.05647170543670654, -0.02487070858478546, 0.03393037989735603, -0.026288064196705818, 0.02413819544017315, 0.024066375568509102, -0.027546361088752747, 0.051652975380420685, 0.010629824362695217, 0.05054284632205963, 0.020241456106305122, -0.07338589429855347, 0.005811804905533791, 0.09019389748573303, 0.032431792467832565, -0.011297370307147503, -0.019236626103520393, 0.03266473859548569, -0.02036091685295105, 0.08620371669530869, 0.03022794984281063, -0.033249448984861374, 0.016925543546676636, -0.005202406086027622, -0.0065141040831804276, 0.026295699179172516, 0.0686882883310318, 0.04973413795232773, -0.04103365167975426, 0.048259422183036804, -0.013658123090863228, -0.022761063650250435, 0.07094503939151764, -0.028213921934366226, -0.009763086214661598, 0.033358991146087646, 0.03746107220649719, -0.027580415830016136, -0.011426237411797047, -0.008850675076246262, 0.019326386973261833, -0.030927931889891624, -0.015029995702207088, 0.014286033809185028, -0.005481584928929806, -0.016702523455023766, -0.05462467670440674, 0.02195597067475319, 0.05147770419716835, 0.07834286242723465, -0.12525637447834015, 0.0049138059839606285, -0.05116469785571098, 0.007870911620557308, -0.022503608837723732, -0.011926528997719288, -0.05092959105968475, -0.05042411759495735, -0.024450015276670456, 0.031096654012799263, 0.001519666868261993, 0.010143732652068138, -0.01252821460366249, -0.0198409054428339, -0.061525579541921616, 0.02678496763110161, -0.011928306892514229, -0.08091619610786438, 0.06808342039585114, -0.02504006028175354, -0.054678503423929214, -0.027628343552350998, 0.03983030840754509, -0.0003963445487897843, 0.02009984292089939, -0.04871407151222229, 0.03969479352235794, 0.0076970383524894714, -0.005939708556979895, 0.018536219373345375, -0.010522773489356041, -0.06830085813999176, 0.030664050951600075, -0.03373846784234047, 0.10110004246234894, 0.012281335890293121, 0.037296611815690994, 0.004940657876431942, -0.04144859313964844, 0.017856553196907043, 0.03078068234026432, -0.011794275604188442, 0.05186757072806358, -0.04222048074007034, 0.04445439949631691, 0.03884338587522507, -0.09228227287530899, 0.023868387565016747, -0.03448721393942833, 0.021903401240706444, -0.005183767061680555, -0.04449054226279259, -0.040864333510398865, 0.01129455491900444, -0.09169057756662369, 0.008955583907663822, -0.013171537779271603, -0.012700092978775501, -0.05949430167675018, 0.03407706320285797, -0.008953619748353958, -0.0019233301281929016, -0.07930660247802734, 0.04794405400753021, -0.015069859102368355, -0.0036842026747763157, -0.0007890854612924159, 0.036665137857198715, -0.029218701645731926, 0.051575906574726105, 0.07726331800222397, -0.05227687209844589, -0.003433206118643284, 0.03621852770447731, 0.0230712927877903, 0.015160803683102131, 0.0335511639714241, 0.05092179402709007, 0.006381737068295479, -0.01609470322728157, -0.016175035387277603, -0.03183535858988762, 0.0018090836238116026, -0.007234433200210333, 0.035116203129291534, 0.026826893910765648, -0.0305953249335289, -0.013434411026537418, 0.024583790451288223, -0.010562006384134293, -0.026601925492286682, 0.0394490510225296, -0.061048295348882675, -0.02038649469614029, 0.025256576016545296, 0.03222851827740669, -0.0016180535312741995, -0.006783312186598778, -0.00231113750487566, 0.0824018344283104, 0.03698865324258804, -0.009017749689519405, 0.0017157492693513632, 0.03246014565229416, 0.019819200038909912, -0.00998597964644432, -0.011713706888258457, 0.0332459956407547, 0.05681240186095238, 0.0003230133152101189, 0.024811504408717155, -0.008622466586530209, 0.08463351428508759, -0.021854670718312263, 0.00013475111336447299, 0.009153012186288834, -0.020510757341980934, 0.03449353948235512, -0.0013035725569352508, -0.003970589954406023, 0.031033838167786598, -0.023995283991098404, -0.007739473599940538, -0.04502398520708084, 0.00577017804607749, 0.00989668257534504, -0.015173505060374737, -0.003999974112957716, -0.004777892958372831, 0.014346444979310036, -0.03017617203295231, -0.04505642503499985, 0.024048270657658577, 0.018562495708465576, 0.023742614313960075, -0.0038641232531517744, -0.0108000123873353, -0.05455164983868599, 0.0911412313580513, -0.005668197758495808, 0.012292953208088875, -0.020263656973838806, 0.000661941769067198, 0.04247760772705078, 0.018335912376642227, -0.018542515113949776, 0.0745609849691391, 0.032479990273714066, 0.044937606900930405, -0.007236034143716097, -0.029745031148195267, 0.027555106207728386, 0.01916790008544922, 0.061772119253873825, 0.021037226542830467, 0.004912730306386948, -0.04084658622741699, 0.04195743054151535, -0.0702681913971901, 0.07099474966526031, -0.06463877111673355, -0.010569022037088871, -0.06757637113332748, -0.04438329115509987, -0.024262750521302223, 0.0034765684977173805, 0.01273814495652914, 0.07388316094875336, -0.02517124079167843, -0.01806691475212574, 0.024637503549456596, -0.0414278581738472, -0.03625011071562767, 0.04172505438327789, 0.02835238352417946, -0.02268180623650551, 0.004805658012628555, 0.03809930384159088, 0.020894991233944893, 0.017756571993231773, 0.0239041056483984, -0.00252876547165215, -0.05830053612589836, -0.035124558955430984, 0.011321762576699257, 0.00416960334405303, -0.026856249198317528, -0.0034152588341385126, -0.05349476635456085, 0.00024028644838836044, -0.02502964250743389, -0.016766969114542007, -0.0044991616159677505, 0.02164057083427906, -0.0020382916554808617, 0.01616336777806282, -0.01411032397300005, 0.015479972586035728, -0.03891054168343544, -0.03259240463376045, -0.03862784430384636, 0.05048253387212753, 0.010235070250928402, -0.0026534858625382185, 0.012523178942501545, 0.018603410571813583, -0.024355974048376083, 0.05355842784047127, 0.049994099885225296, -0.013378670439124107, -0.004916942212730646, -0.006513894535601139, 0.015288583002984524, 0.02246563695371151, -0.057398684322834015, 0.0020672555547207594, 0.00288763246499002, 0.054268427193164825, -0.02376060001552105, 0.03583517670631409, 0.003973745740950108, -0.026385590434074402, 0.006574252154678106, 0.03913237154483795, -0.03254430368542671, -0.038309454917907715, -0.028876377269625664, -0.033234741538763046, 0.039793889969587326, 0.03835250437259674, 0.05595563352108002, -0.03343351557850838, 0.023692680522799492, 0.016386855393648148, -0.028649969026446342, -0.07080572098493576, -0.04716885834932327, 0.06219569966197014, -0.045042239129543304, 0.01111531350761652, -0.04821166396141052, -0.021623048931360245, -0.01782962866127491, 0.021385887637734413, 0.017662664875388145, 0.05788583680987358, -0.06705956906080246, 0.0493079237639904, -0.007997958920896053, -0.01279128435999155, -0.004390760324895382, -0.05086734518408775, -0.02676580473780632, -0.0065826172940433025, -0.029681559652090073, -0.0005124921444803476, 0.03522924706339836, 0.024189939722418785, -0.05816694349050522, 0.03758224844932556, -0.01737659052014351, 0.011374440975487232, 0.04241172969341278, -0.04291260242462158, 0.014652232639491558, 0.003063731361180544, -0.004289137199521065, 0.05637997016310692, -0.0016147835412994027, 0.06378769874572754, 0.007871448062360287, 0.04128432273864746, 0.013872042298316956, 0.029436640441417694, -0.011024953797459602, -0.08323679119348526, 0.018126389011740685, 0.019548993557691574, 0.044148899614810944, 0.023334279656410217, 0.06437431275844574, -0.03020361252129078, -0.0009845603490248322, -0.05762404948472977, 0.04240017011761665, -0.009764360263943672, 0.06782609969377518, -0.0033976545091718435, -0.0030585243366658688, -0.03379637002944946, 0.015115763060748577, 0.03538205847144127, -0.01949772797524929, -0.01562030240893364, 0.019014494493603706, -0.02801044099032879, -0.04130800813436508, -0.02476971037685871, 0.01651972346007824, 0.029016168788075447, 0.016962382942438126, -0.013861601240932941, -0.021843837574124336, -0.028241705149412155, 0.034812282770872116, -0.04378591105341911, 0.01176470797508955, -0.011421702802181244, -0.03679271414875984, -0.08616717904806137, -0.006712740287184715, 0.0014893898041918874, -0.06526577472686768, 0.0380123071372509, 0.020368589088320732, -0.006891906261444092, -0.030474049970507622, 0.014730308204889297, -0.04795197397470474, 0.02894364297389984, -0.009825645945966244, 0.02012593299150467, 0.00624763872474432, 0.03518013656139374, -0.017003588378429413, 0.005007389932870865, -0.012814156711101532, 0.0028112197760492563, -0.017942097038030624, -0.053561385720968246, 0.011921769939363003, 0.06541994959115982, 0.03526570275425911, -0.06707263737916946, -0.012606611475348473, -0.004821207839995623, -0.02334892936050892, 0.005596551112830639, 0.011718660593032837, -0.03792998194694519, -0.027013957500457764, -0.0031897369772195816, 0.014575550332665443, 0.0337379053235054, 0.026374492794275284, 0.03376808017492294, 0.019934289157390594, 0.0010261040879413486, 0.015044013038277626, -0.03538695350289345, 0.011367262341082096, 0.007027571089565754, 0.032330431044101715, -0.03161352872848511, 0.024982072412967682, 0.04133947566151619, 0.013899795711040497, -0.056375373154878616, 0.01776185631752014, -0.0022802616003900766, -0.018779441714286804, -0.018811210989952087, 0.006203987170010805, -0.04670198634266853, 0.01559790875762701, 0.07885032892227173, -0.02515014447271824, 0.0542842373251915, 0.03709058836102486, -0.011272589676082134, -0.030500588938593864, 0.04475979879498482, 0.0005740273627452552, -0.029003914445638657, 0.02026539295911789, -0.0067796180956065655, -0.009914315305650234, -0.053336672484874725, 0.03215312957763672, -0.013882962986826897, -0.020114751532673836, -0.04618809372186661, -0.017201505601406097, 0.062378332018852234, -0.04841769114136696, 0.010652109980583191, -0.005819558631628752, -0.005944006610661745, 0.018411561846733093, 0.04451018199324608, 0.008600207045674324, -0.013717339374125004, -0.037723857909440994, 0.05120423063635826, -0.012889127247035503, 0.030166151002049446, -0.014955257996916771, -0.03474694862961769, -0.02566610649228096, 0.0025484806392341852, 0.013520928099751472, 0.05405787006020546, -0.023054437711834908, -0.06519845873117447, 0.036447674036026, -0.011847701855003834, -0.012270603328943253, 0.009034203365445137, -0.0044216373935341835, 0.07293975353240967, 0.03896966576576233, 0.024305179715156555, -0.06591767817735672, 0.00631779246032238, 0.03942910209298134, -0.016934391111135483, -0.030456814914941788, 0.011433614417910576, 0.02669990248978138, 0.04061180353164673, 0.016224944964051247, -0.014618340879678726, -0.0001765065244399011, 0.03110497072339058, 0.040166039019823074, -0.047269951552152634, 0.049889352172613144, -0.03264499455690384, 0.010436374694108963, 0.03274105489253998, -0.004600780084729195, 0.04171169549226761, 0.018373699858784676, -0.09104417264461517, -0.001794731244444847, 0.03173181414604187, 0.002827098360285163, -0.011236746795475483, -0.017090700566768646, 0.010316278785467148, 0.0074390871450304985, -0.04241989180445671, -0.03345871344208717, 0.0009956773137673736, -0.06212865188717842, -0.010865829885005951, -0.03025500848889351, 0.026442473754286766, -0.04483451694250107, -0.02409672550857067, -0.03845343366265297, -0.006787258666008711, 0.0018540953751653433, 0.0103231742978096, -0.03356771543622017, -0.07255823910236359, 0.006398504134267569, -0.04123184084892273, 0.006797006819397211, -0.012925869785249233, -0.02401009202003479, -0.011433208361268044, 0.03915683925151825, 0.04889002442359924, 0.012666529975831509, -0.031946953386068344, 0.05253871530294418, -0.06066358461976051, -0.0174386166036129, 0.03931029886007309, 0.03256244212388992, 0.00627893814817071, 0.034527719020843506, -0.020116126164793968, -0.021507032215595245, -0.04233340173959732, 0.005454250145703554, -0.01943040080368519, -0.08835224062204361, 0.021367395296692848, 0.03308740258216858, -0.01970730908215046, -0.01940273307263851, 0.014825284481048584, -0.03292933851480484, -0.10416115075349808, -0.020866649225354195, -0.003990390803664923, -0.018344270065426826, -0.03912165388464928, -0.03009318746626377, -0.018748564645648003, 0.02404470182955265, -0.009037652052938938, -0.016656219959259033, 0.050570882856845856, 0.00039549326174892485, -0.010357326827943325, 0.02273997850716114, 0.039995159953832626, -0.0011960873380303383, -0.03582853823900223, -0.01813223585486412, 0.003053052583709359, -0.010040640830993652, 0.04489809274673462, -0.03445803374052048, -0.022222459316253662, 0.0177994966506958, -0.054353706538677216, 0.012684025801718235, 0.00032529773307032883, -0.024651624262332916, -0.05458321422338486, 0.008300668559968472, 0.03875250741839409, -0.04676758497953415, -0.02589276060461998, -0.015168375335633755, 0.025698842480778694, 0.03409529849886894, 0.02646716684103012, 0.0018844176083803177, 0.010871552862226963, -0.04742690175771713, -0.025935376062989235, 0.025752471759915352, -0.031229743734002113, -0.020814552903175354, -0.00464833015576005, -0.027386460453271866, 0.013767378404736519, 0.007487805560231209, -0.008571579121053219, -0.01682916097342968, -0.05120883136987686, 0.09214611351490021, -0.004751414526253939, -0.007954210042953491, -0.026690589264035225, 0.03409501910209656, 0.018719660118222237, 0.0061748698353767395, -0.009738150052726269, -0.02224358357489109, 0.03309693932533264, 0.05983392149209976, -0.0319025032222271, 0.02555249258875847, -0.01838369481265545, 0.004650238435715437, -0.025636229664087296, -0.0439787395298481, 0.03710145503282547, -0.003489015158265829, -0.0057649449445307255, 0.031345728784799576, 0.03520984575152397, 0.035723332315683365, -0.044964827597141266, -0.0012031603837385774, -0.030948130413889885, -0.00788402184844017, 0.04237592592835426, -0.011632072739303112, -0.028556279838085175, -0.07074026763439178, 0.025778746232390404, -0.018240828067064285, -0.05098363012075424, 0.05283481627702713, -0.009209162555634975, 0.021154683083295822, -0.005975204985588789, -0.01768486574292183, -0.05177910998463631, 0.008460445329546928, -0.007743068505078554, -0.045481931418180466, 0.02124127186834812, 0.02818259410560131, -0.012615054845809937, -0.009244375862181187, 0.015470942482352257]",./aquastride_images/aquastride_company.pdf_1.png,"The AquaStride Difference:
Our shoes aren't just about defying physics – they're about empowering you to explore the world in ways you never thought possible. Whether you're an avid adventurer, a water sports enthusiast, or simply someone who loves the feeling of walking on air, AquaStride is designed to elevate your experience.

Our Flagship Products:
1. DepthStrider: The ultimate water-walking shoe. The DepthStrider's unique sole design and buoyant materials allow you to effortlessly glide across lakes, rivers, and even the ocean.
2. RainWalker: Conquer rainy days with confidence. The RainWalker's HydroGuard™ technology guarantees waterproof protection, keeping your feet dry and comfortable even in the heaviest downpours.
3. TrailBlazer: Leave the competition in the dust and claim your rightful place at the top with the TrailBlazer, the athletic shoe engineered for relentless performance and an unyielding drive to win. Designed to conquer any obstacle, the TrailBlazer empowers you to push your limits and achieve unparalleled success in every pursuit.

Ready to Experience the Extraordinary?
Visit our website or your nearest AquaStride retailer to discover the future of footwear.
I did not find any tables in this image. However, the ""Our Flagship Products"" section can be structured as a list or a two-column table. Here's the content extracted in a structured format:

**The AquaStride Difference:**
Our shoes aren't just about defying physics – they're about empowering you to explore the world in ways you never thought possible. Whether you're an avid adventurer, a water sports enthusiast, or simply someone who loves the feeling of walking on air, AquaStride is designed to elevate your experience.

**Our Flagship Products:**"
9ea3bcea-53b7-4ba3-ba9d-d5b856df04e6,"[-0.01651633530855179, 0.0019523183582350612, -0.054547470062971115, -0.03517727553844452, 0.028310123831033707, 0.0024268953129649162, 0.0058404444716870785, 0.009258746169507504, 0.04563864320516586, -0.009087346494197845, -0.058536313474178314, -0.034222278743982315, -0.004728787112981081, -0.06892608106136322, 0.051095739006996155, 0.007618731819093227, 0.023348819464445114, -0.07245854288339615, -0.022629523649811745, 0.014870204031467438, 0.002942764898762107, -0.05368610471487045, -0.06049570068717003, 0.007184694055467844, -0.015535913407802582, -0.035611603409051895, 0.024603920057415962, 0.0372563898563385, 0.0018327113939449191, -0.005355621688067913, 0.022339552640914917, -0.014809606596827507, 0.03867572918534279, -0.02944072149693966, -0.050341468304395676, 0.010762047953903675, 0.010207045823335648, 0.012717236764729023, 0.0359031967818737, -0.006013965699821711, -0.013248494826257229, -0.05666264891624451, 0.004995269700884819, -0.023822912946343422, -0.006090287584811449, 0.045505452901124954, 0.012985240668058395, 0.02474205568432808, 0.0385131761431694, -0.024246089160442352, 0.010806492529809475, 0.011530584655702114, -0.02463672123849392, -0.04020671918988228, -0.01698433607816696, 0.06325756013393402, 0.007723709102720022, -0.03749022260308266, -0.03181351721286774, 0.03526868298649788, -0.05143623426556587, -0.06175440922379494, -0.01429983600974083, -0.007725484669208527, -0.03794298693537712, 0.029419070109725, 0.0008704587817192078, 0.03051890805363655, 0.0013272827491164207, -0.012684287503361702, -0.06339992582798004, 0.011878483928740025, -0.03888282552361488, -0.005547949578613043, -0.0010355634149163961, 0.03884856775403023, 0.023615047335624695, 0.040430426597595215, -0.029197022318840027, -0.021984346210956573, -0.10539164394140244, 0.004000629764050245, -0.0642673671245575, -0.01245187409222126, 0.03969290480017662, -0.022995177656412125, 0.001081230933777988, -0.040779080241918564, -0.03282569721341133, 0.006407799199223518, -0.05694233253598213, 0.02229899726808071, -0.011100961826741695, 0.004627343732863665, 0.009705192409455776, 0.03307132422924042, 0.06579618901014328, 0.03750724717974663, -0.003624793142080307, -0.03007827140390873, 0.004032771568745375, 0.03093254193663597, -0.06036819890141487, -0.032603614032268524, 0.0050032539293169975, 0.013664426282048225, -0.04676293954253197, -0.04798970744013786, 0.08842276781797409, 0.02623625472187996, 0.03953861445188522, -0.028942162171006203, -0.03563031926751137, 0.0349254235625267, -0.015289245173335075, 0.0014946329174563289, -0.030865760520100594, 0.006899065803736448, -0.09117405116558075, -0.0413002148270607, 0.01833423599600792, 0.032741185277700424, 0.07608875632286072, 0.016641942784190178, -0.01667691394686699, 0.02112235315144062, 0.0032854897435754538, 0.02086883969604969, 0.030703255906701088, -0.04619986191391945, -0.030178532004356384, -0.06574387103319168, 0.010733251459896564, 0.0893801897764206, 0.031716667115688324, 0.02115536481142044, 0.0014572935178875923, -0.0083669638261199, -0.023093394935131073, 0.037295885384082794, 0.012711500748991966, 0.041625287383794785, -0.008190251886844635, 0.060219258069992065, 0.019079701974987984, -0.01583831198513508, -0.026656458154320717, 0.03630843013525009, -0.016453513875603676, -0.006739484146237373, -0.01287027820944786, -0.015551253221929073, -0.013205190189182758, 0.028875645250082016, -0.04150856286287308, -0.046107955276966095, -0.006533680949360132, -0.04714472219347954, 0.03298921883106232, 0.004891852382570505, 0.032988451421260834, 0.03359321132302284, -0.014624934643507004, 0.044671326875686646, 0.015182489529252052, -0.029616322368383408, 0.05563974380493164, 0.002243302995339036, -0.0011411085724830627, 0.0414583645761013, -0.00010881728667300195, -0.009184892289340496, -0.039111874997615814, 0.02311377413570881, 0.0387074314057827, 0.02171923965215683, 0.01942603848874569, 0.05475945770740509, -0.07184647023677826, -0.037970345467329025, -0.08619958907365799, 0.0033593301195651293, -0.003295646980404854, 0.05051645264029503, -0.07905136793851852, 0.0034234498161822557, -0.005604897625744343, 0.026210149750113487, -0.08143249899148941, 0.011342031881213188, -0.08374043554067612, -0.03905344754457474, -0.02239958941936493, 0.009718557819724083, -0.04747797176241875, 0.02670353464782238, 0.0404236726462841, 0.013989179395139217, -0.018192406743764877, 0.01695897988975048, -0.018502116203308105, -0.07856263965368271, 0.04152601957321167, -0.0983583852648735, -0.05358775332570076, -0.039854057133197784, 0.03399171680212021, 0.029595568776130676, -0.007290170062333345, -0.020477084442973137, 0.0210197102278471, -0.040741484612226486, -0.039910245686769485, -0.045289546251297, -0.0013634784845635295, -0.07579521834850311, 0.01047563087195158, -0.03375377506017685, 0.010705474764108658, 0.0015352708287537098, 0.043893881142139435, -0.02214553952217102, -0.029370488598942757, 0.061101824045181274, 0.061288073658943176, 0.014265518635511398, 0.0459134615957737, 0.013971187174320221, 0.03906484693288803, 0.08061956614255905, -0.03326497972011566, -0.007797401864081621, 0.002219641115516424, 0.04066651314496994, 0.028243066743016243, 0.024655716493725777, 0.02819543145596981, 0.017740169540047646, -0.14135441184043884, -0.03844880312681198, -0.03238426148891449, 0.027437955141067505, -0.04406309872865677, -0.03529335930943489, -0.08166837692260742, 0.061152759939432144, -0.024551978334784508, -0.012213132344186306, 0.01383254211395979, -0.03420780226588249, 0.025046395137906075, -0.0006750056054443121, -0.09165678173303604, 0.03795929625630379, 0.05379245802760124, -0.017878225073218346, -0.02395513840019703, 0.015110631473362446, 0.01685936376452446, 0.08775941282510757, 0.03850178420543671, 0.003253358881920576, -0.005055340006947517, 0.02589092217385769, 0.026786472648382187, -0.03780539706349373, -0.028018880635499954, -0.018291475251317024, 0.049554791301488876, 0.032519884407520294, -0.028913570567965508, -0.0087028369307518, 0.029754115268588066, -0.027082661166787148, 0.00965797808021307, 0.050741251558065414, -0.02414281852543354, -0.016851849853992462, 0.015865422785282135, -0.010881242342293262, -0.04954104498028755, -0.0022220630198717117, 0.032296035438776016, 0.055077072232961655, -0.00010584068513708189, -0.011218982748687267, -0.0016907630488276482, -0.02862522006034851, 0.020733725279569626, 0.04038241505622864, -0.028135640546679497, 0.03540235012769699, 0.08285026252269745, -0.0594717413187027, 0.016027657315135002, 0.014980488456785679, 0.03407108411192894, 0.05630667880177498, 0.005994569044560194, 0.007068888284265995, -0.01630229875445366, -0.010538648813962936, 0.003537324257194996, 0.016445988789200783, 0.06455156952142715, -0.005100097972899675, -0.08544372022151947, -0.052178721874952316, -0.01354933250695467, -0.04466250538825989, -0.027012933045625687, -0.03604723885655403, 0.011082766577601433, 0.026574300602078438, -0.04638966917991638, 0.0369289331138134, 0.013947892934083939, 0.01787843555212021, -0.03827479109168053, -0.04619089514017105, 0.036746229976415634, -0.08325441926717758, 0.07419453561306, -0.014318464323878288, -0.021773697808384895, -0.062188874930143356, -0.009874936193227768, 0.05751973018050194, 0.049822110682725906, -0.04720940813422203, 0.03147188201546669, 0.01093214936554432, 0.0658569186925888, 0.023104380816221237, -0.08297720551490784, -0.004862804431468248, 0.000783774652518332, -0.013660648837685585, -0.010278044268488884, -0.01477050967514515, 0.029547549784183502, 0.00757649214938283, -0.0067503186874091625, 0.045248836278915405, -0.03750238195061684, 0.0463150329887867, -0.051656048744916916, 0.001799034420400858, -0.08289798349142075, 0.03231685981154442, 0.032692767679691315, 0.07580584287643433, 0.02854662388563156, -0.007425570860505104, 0.027783354744315147, -0.024782154709100723, -0.00735083781182766, -0.010646671056747437, -0.01989772915840149, 0.019517559558153152, -0.008982264436781406, 0.08577308803796768, -0.009264526888728142, 0.02042846940457821, -0.012994862161576748, 0.02371295914053917, -0.016548506915569305, -0.009021389298141003, -0.017037618905305862, -0.015628740191459656, 0.045170873403549194, 0.007368479855358601, 0.020004773512482643, 0.014339258894324303, 0.044976793229579926, -0.028762800619006157, -0.033861562609672546, -0.0274003054946661, -0.019505877047777176, -0.024878334254026413, -0.04983670264482498, -0.00620160810649395, -0.04091115668416023, -0.006258877459913492, -0.022696955129504204, 0.03950362280011177, 0.01288064755499363, 0.05156374350190163, 0.018767498433589935, 0.01591278798878193, -0.022661319002509117, 0.044095735996961594, -0.007598124444484711, -0.020713090896606445, 0.011718799360096455, -0.05011603981256485, -0.011023875325918198, 0.023010700941085815, -0.039514802396297455, 0.012816812843084335, -0.004147431347519159, 0.008813591673970222, 0.007883029989898205, -0.0071009499952197075, 0.05463164672255516, -0.012084831483662128, -0.0850738063454628, -0.006822133902460337, 0.01114601269364357, -0.008295700885355473, -0.006726618856191635, -0.033678460866212845, -0.015354066155850887, 0.0536019504070282, -0.0431012399494648, -0.047192756086587906, 0.028565388172864914, 0.018284400925040245, -0.02609458565711975, -0.0057348101399838924, -0.045625340193510056, 0.07076655328273773, 0.01603340357542038, -0.0013834391720592976, -0.015495390631258488, -0.0032347342930734158, 0.001996380276978016, -0.040938857942819595, 0.06360094994306564, 0.031649891287088394, -0.02012205310165882, 0.027706284075975418, 0.001272886642254889, 0.014152582734823227, -0.001364108407869935, -0.07818976789712906, -0.05307060480117798, -0.05318216606974602, 0.023934798315167427, -0.012062749825417995, 0.007305185776203871, 0.05661364644765854, 0.037299152463674545, 0.05281437560915947, -0.008505072444677353, -0.003969958983361721, -0.02244630642235279, -0.043356601148843765, -0.03140363469719887, 0.05815788730978966, 0.001592732616700232, -0.01441521942615509, 0.04139721393585205, -0.005979049950838089, -0.024159476161003113, 0.034988611936569214, 0.026732873171567917, -0.037912026047706604, 0.020615659654140472, -0.011844606138765812, 0.024255799129605293, 0.08441655337810516, 0.013090936467051506, 0.04673975706100464, 0.031657323241233826, -0.00728377141058445, -0.02292875200510025, -0.02595669962465763, -0.035964563488960266, -0.03511223942041397, 0.02128964476287365, -0.027911165729165077, -0.039884015917778015, -0.029704732820391655, -0.005545865278691053, 0.047172851860523224, 0.0051016598008573055, 0.018841318786144257, -0.0003258264623582363, 0.0035036972258239985, -0.037106115370988846, 0.001484178937971592, 0.00026537294615991414, -0.01368676871061325, -0.013367199338972569, 0.03966771811246872, -0.046196360141038895, 0.0029832313302904367, -0.02208057977259159, -0.06503621488809586, -0.0013073690934106708, 0.06014176458120346, -0.01827821508049965, -0.0634261816740036, -0.006450801156461239, 0.02190147526562214, -0.002745086094364524, 0.03666795790195465, -0.037994492799043655, 0.02570009045302868, -0.02501458115875721, 0.017222069203853607, -0.02295156754553318, 0.06294132769107819, 0.013764696195721626, -0.07139290869235992, 0.009474488906562328, 0.047489333897829056, -0.013950807973742485, 0.028017692267894745, -0.03321399912238121, -0.0018513868562877178, -0.10421323776245117, -0.010355755686759949, -0.011274127289652824, 0.04675303399562836, 0.007126066833734512, -0.06763823330402374, 0.01563856564462185, 0.0020032513421028852, 0.010585741139948368, 0.04999943822622299, 0.027034852653741837, -0.016586005687713623, -0.03582528978586197, -0.005288303829729557, 0.009598529897630215, 0.06070498377084732, 0.032729290425777435, -0.0037845184560865164, 0.008232684805989265, 0.01516120694577694, -0.057754773646593094, 0.024430906400084496, 0.0045232330448925495, 0.04247058555483818, 0.008777886629104614, -0.043663229793310165, -0.008727600798010826, 0.04031645134091377, -0.0030277164187282324, -0.0017050295136868954, -0.03517502173781395, -0.03392571210861206, 0.020285887643694878, -0.029217248782515526, 0.01791704259812832, -0.013921664096415043, 0.028875509276986122, -0.0046024988405406475, 0.0027487657498568296, 0.03128820285201073, -0.005284973885864019, 0.01993931271135807, 0.005595397669821978, 0.045935023576021194, 0.027277538552880287, 0.007772776763886213, 0.05575279891490936, 0.026689009740948677, -0.05739184841513634, -0.0025944786611944437, -0.012963853776454926, 0.0015838356921449304, -0.03793948516249657, -0.06906233727931976, 0.007584850303828716, 0.024673067033290863, -0.00816596020013094, 0.014762000180780888, 0.04709601402282715, -0.025073271244764328, -0.01611701212823391, 0.008150921203196049, 0.035345595329999924, -0.03595615178346634, -0.026756517589092255, 0.02944282814860344, -0.05034085735678673, 0.001066930708475411, -0.03542621061205864, -0.05062613636255264, 0.023959700018167496, -0.025045447051525116, 0.024382108822464943, -0.019966302439570427, -0.012090119533240795, -0.019201187416911125, 0.03149908035993576, -0.011336594820022583, -0.017704807221889496, 0.007135821972042322, -0.058256443589925766, -0.013322421349585056, 0.021725371479988098, 0.01273418590426445, -0.010639084503054619, -0.032801464200019836, 0.0075401728972792625, -0.021893592551350594, 0.012824714183807373, 0.03826450929045677, 0.04341938719153404, -0.004550550598651171, 0.029462110251188278, -0.032366733998060226, 0.01089805830270052, -0.021576108410954475, 0.017844298854470253, 0.010290808044373989, -0.017825651913881302, 0.0030585438944399357, 0.008051545359194279, 0.010340600274503231, 0.040352851152420044, 0.03452479839324951, -0.020862441509962082, -0.05439860001206398, 0.006910168565809727, 0.04035428911447525, -0.008042368106544018, -0.021808383986353874, -0.02258644625544548, -0.026380373165011406, 0.02253994718194008, 0.03141080588102341, -0.036346644163131714, 0.01397815253585577, -0.0031596252229064703, 0.03085879236459732, 0.011603059247136116, 0.009106460958719254, -0.03258364647626877, -0.03371655195951462, 0.0020446479320526123, 0.0005861778627149761, 0.0029211353976279497, 0.001054640393704176, -0.04847053810954094, -0.008643821813166142, -0.004748862702399492, -0.03337874263525009, -0.055820927023887634, 0.020960522815585136, 0.007621058728545904, -0.04015283286571503, -0.02862924337387085, 0.030349811539053917, -0.028437424451112747, -0.0166215430945158, 0.06707585602998734, -0.09151683002710342, -0.04653826728463173, 0.03902854397892952, 0.003085711970925331, 0.06478043645620346, 0.03415853902697563, 0.012581439688801765, -0.005364477634429932, -0.021149611100554466, -0.03110813908278942, -0.006863508373498917, -0.06179988011717796, 0.034678783267736435, 0.0394328273832798, -0.03747113421559334, -0.05251365900039673, 0.031687863171100616, -0.008901219815015793, -0.14223037660121918, -0.06020596623420715, 0.030733054503798485, 0.018177153542637825, -0.0016977848717942834, -0.060543932020664215, -0.009035731665790081, 0.01459761057049036, -0.007647523190826178, 0.004744232166558504, 0.040328703820705414, -0.018953924998641014, 0.011287112720310688, 0.011476073414087296, 0.029073720797896385, 0.03588118776679039, -0.03285801783204079, -0.04087843745946884, 0.004991611931473017, -0.010225647129118443, 0.043256938457489014, 0.012316112406551838, 0.01374473050236702, -0.009807358495891094, -0.0727817714214325, 0.0597367063164711, -0.029742378741502762, -0.004950994160026312, -0.008426844142377377, -0.002022686880081892, -0.018836840987205505, 0.023639105260372162, 0.011865086853504181, 0.04454308748245239, 0.01843372732400894, 0.027889080345630646, 0.03232404589653015, 0.029419805854558945, 0.010525938123464584, -0.00974547490477562, -0.002493825275450945, -0.020509235560894012, 0.005319578107446432, 0.008718539029359818, -0.0016309174243360758, -0.020860329270362854, -0.04302040487527847, 0.008129297755658627, -0.02055523917078972, -0.020346617326140404, -0.016621025279164314, 0.097223199903965, -0.015110034495592117, -0.012561673298478127, -0.05741839110851288, 0.01697733998298645, 0.0022365187760442495, -0.06323064863681793, 0.01460754033178091, -0.044953979551792145, 0.05196293443441391, 0.05862253159284592, -0.020812299102544785, 0.03536331281065941, -0.06871185451745987, 0.02226608246564865, -0.016429351642727852, -0.17726919054985046, -0.011013823561370373, -0.031834255903959274, 0.005940475966781378, 0.03558243066072464, 0.0016773903043940663, -0.01005594339221716, 0.03566907346248627, -0.020169304683804512, -0.03183877095580101, 0.005086525809019804, 0.1062411516904831, -0.02060217782855034, -0.02345855161547661, -0.0193166583776474, 0.05002190172672272, -0.02820134349167347, 0.003943670075386763, 0.023755116388201714, 0.08070442080497742, -0.023349609225988388, 0.03215105086565018, -0.023908860981464386, -0.03918778523802757, 0.01950312964618206, 0.034288737922906876, -0.01701369881629944, -0.022178174927830696, -0.001631121733225882, -0.003226890927180648, 0.02574852481484413, 0.013080103322863579]",./aquastride_images/aquastride_company.pdf_1.png,| Product Name | Description
c2b2e5a5-34da-4ba7-84ee-545e07b7cf4c,"[-0.06873302906751633, -0.0027241285424679518, 0.013567453250288963, -0.027829062193632126, 0.0014397654449567199, -0.029392903670668602, -0.0014633334940299392, 0.006168021354824305, 0.06145213544368744, -0.006401723716408014, 0.001436807680875063, -0.01316240057349205, 0.020709766075015068, -0.015223979018628597, 0.048117440193891525, 0.05468946695327759, 0.08047164976596832, -0.03443510830402374, -0.0037163228262215853, -0.017273880541324615, -0.007656128145754337, 0.0011519015533849597, -0.03941850736737251, 0.009320180863142014, -0.008568082004785538, -0.02997630089521408, 0.002525278367102146, -0.04653703421354294, -0.06675345450639725, 0.03631192818284035, 0.014296191744506359, -0.0583033449947834, 0.002346399938687682, -0.04628833010792732, -0.03365234658122063, 0.002439749427139759, 0.07126864045858383, -0.048857785761356354, 0.01901765540242195, -0.022930406033992767, 0.033852092921733856, -0.059868041425943375, 0.0015901821898296475, -0.028416089713573456, -0.02478806860744953, 0.03904971852898598, 0.020431915298104286, 0.006199900060892105, 0.03793927654623985, -0.040068306028842926, 0.00540792103856802, 0.05392539128661156, -0.05159732699394226, -0.002530772937461734, -0.0013583460822701454, 0.08127982914447784, -0.010368144139647484, 0.041175659745931625, -0.039236754179000854, -0.0518985316157341, -0.0035876932088285685, -0.048385847359895706, -0.00915156677365303, -0.017972974106669426, -0.023437676951289177, -0.004351130221039057, 0.03300117328763008, 0.03681594878435135, 0.013494221493601799, -0.007424951530992985, -0.016576271504163742, -0.04209603741765022, 0.0218666922301054, -0.013298891484737396, -0.006455456372350454, -0.0013961665099486709, 0.036530476063489914, 0.05815771967172623, -0.001266089384444058, 0.06504759937524796, -0.005137500818818808, 0.02958666905760765, -0.06263617426156998, 0.012782403267920017, 0.044877566397190094, -0.02254314534366131, -0.03138401731848717, -0.039549920707941055, -0.034170445054769516, 0.04472162202000618, 0.006258379202336073, -0.03762245178222656, 0.00022406589414458722, -0.004776736255735159, 0.054837554693222046, 0.08286430686712265, 0.033792633563280106, 0.11757922917604446, -0.010740372352302074, 0.0758233368396759, 0.020332034677267075, -0.022620663046836853, 0.06354688107967377, -0.05513841658830643, 0.02011733502149582, 0.0805693194270134, -0.03641912713646889, 0.027822766453027725, 0.021774375811219215, -0.043704546988010406, -0.04221765324473381, -0.07446465641260147, -0.07980140298604965, 0.044475726783275604, 0.0323355570435524, -0.01695566065609455, -0.026843374595046043, -0.007767012342810631, -0.08446118235588074, -0.08330339193344116, -0.02318507619202137, 0.009667501784861088, 0.03548082336783409, 0.04940557852387428, -0.016659894958138466, 0.00029673875542357564, 0.024384422227740288, 0.04185036942362785, 0.0055635361932218075, -0.004606148228049278, 0.036617688834667206, -0.04074759781360626, 0.032393429428339005, 0.06991729140281677, 0.040671128779649734, 0.0034018089063465595, 0.010067074559628963, -0.059141889214515686, -0.0033173635601997375, 0.0427989736199379, -0.03063385933637619, 0.03323131054639816, 0.031077444553375244, 0.015340570360422134, 0.008484880439937115, -0.0617697648704052, -0.032464221119880676, 0.06020461395382881, 0.05232378467917442, 0.018190080299973488, -0.064716637134552, 0.013777106069028378, -0.02772127091884613, 0.13492923974990845, 0.045908816158771515, -0.012800447642803192, -0.020267896354198456, -0.015655504539608955, -0.02876024693250656, -0.005358367692679167, 0.05278252810239792, 0.03342480584979057, -0.05707498639822006, 0.06693729758262634, -0.0017074771458283067, -0.018118780106306076, 0.05033215135335922, -0.04976624622941017, -0.01631379872560501, 0.05295836925506592, 0.026607703417539597, -0.020165642723441124, -0.021872786805033684, 0.010117750614881516, 0.01934041641652584, -0.00766883185133338, -0.02836066670715809, -0.007077408023178577, -0.006004983559250832, -0.019760901108384132, -0.061236850917339325, 0.002476412570104003, 0.057633332908153534, 0.05034162476658821, -0.09826664626598358, 0.0041259112767875195, -0.10668084025382996, 0.025133630260825157, -0.0031693235505372286, -0.007567805703729391, -0.038849085569381714, -0.08330012112855911, -0.027266010642051697, 0.01368900015950203, 0.03469853475689888, -0.004515611566603184, -0.022379081696271896, -0.053101371973752975, -0.04573076218366623, 0.014639071188867092, -0.009456603787839413, -0.058082353323698044, 0.031224042177200317, -0.007958321832120419, -0.04644203186035156, 0.010638202540576458, -0.0002738035109359771, -0.026089461520314217, 0.02689811773598194, -0.05865876004099846, 0.043263550847768784, -0.012974899262189865, -0.009796993806958199, -0.04188539832830429, -0.0514766201376915, -0.05284447968006134, 0.001718884683214128, -0.015523156151175499, 0.09636075049638748, 0.024884866550564766, 0.04147171229124069, 0.0011209569638594985, -0.0374477319419384, -0.010754456743597984, 0.03309854865074158, 0.020587366074323654, 0.01996329054236412, -0.054875653237104416, 0.046476759016513824, 0.04298838973045349, -0.05295524746179581, 0.026610147207975388, 0.012356447987258434, -0.006183653138577938, 0.0038934864569455385, -0.04281744360923767, 0.006944757886230946, -0.038515783846378326, -0.05874688923358917, 0.03130066767334938, 0.007520192302763462, 0.00560195604339242, -0.04989778995513916, -0.0006493537221103907, 0.002425125101581216, 0.008410134352743626, -0.08429582417011261, 0.06423172354698181, -0.061839696019887924, -0.0162348710000515, -0.03342842683196068, 0.041435740888118744, -0.0057786921970546246, 0.04106158763170242, 0.051395852118730545, -0.06031545251607895, -0.02443351037800312, 0.021338624879717827, 0.014315126463770866, 0.010621693916618824, 0.07334703952074051, 0.04919642582535744, 0.0009223478264175355, -0.007399233989417553, -0.029438836500048637, 0.00619955500587821, -0.0047012632712721825, -0.007857210002839565, -0.008804969489574432, 0.043469786643981934, -0.014540622942149639, -0.027414221316576004, 0.07619597017765045, 0.004714371170848608, 0.04338143393397331, 0.018675802275538445, -0.05431543290615082, -0.0222042053937912, -0.009730375371873379, 0.01631470024585724, -0.008106236346065998, 0.01971391774713993, -0.028550704941153526, 0.07558958977460861, 0.013729710131883621, 0.007365095429122448, 0.02166598290205002, 0.019626110792160034, 0.022999729961156845, -0.012557698413729668, -0.01125751156359911, -0.015706639736890793, 0.05229014530777931, -0.02681756019592285, 0.013025042600929737, 0.0026681479066610336, 0.07854145765304565, 0.002207332756370306, -0.007162089925259352, -0.005551747977733612, -0.02057553455233574, 0.030714914202690125, -0.01503435242921114, -0.001599226496182382, 0.061193808913230896, -0.04960411787033081, -0.0036807244177907705, -0.05159701779484749, -0.013540532439947128, 0.036647118628025055, -0.05060724541544914, 0.009747873991727829, -0.02670235000550747, 0.0357634462416172, -0.017256811261177063, -0.021326962858438492, 0.02296755090355873, -0.027344685047864914, 0.03637846186757088, -0.00656809750944376, -0.004207747057080269, -0.039608072489500046, 0.08515625447034836, -0.0353228934109211, -0.013028493151068687, -0.03559853509068489, 0.000899299921002239, 0.038802094757556915, 0.049633994698524475, -0.025741340592503548, 0.06676891446113586, 0.04403609037399292, 0.05848291888833046, -0.045223068445920944, -0.06902917474508286, 0.017611978575587273, -0.00819675624370575, 0.07653089612722397, 0.006508027669042349, -0.0018822808051481843, -0.008957983925938606, 0.03247480466961861, -0.06812048703432083, 0.0690457820892334, -0.05787583068013191, -0.00289555243216455, -0.09151443839073181, -0.03776798024773598, 0.03793058916926384, 0.026869582012295723, 0.04617694392800331, 0.046201225370168686, -0.02961806021630764, -0.0012056182604283094, 0.025030940771102905, -0.03468656539916992, -0.04221770167350769, 0.07263216376304626, 0.018610818311572075, 0.003412049962207675, 0.0008918126695789397, 0.035486068576574326, 0.018638771027326584, -0.01402357779443264, 0.030661053955554962, -0.034683190286159515, 3.505119093460962e-05, -0.022407248616218567, -0.018104100599884987, 0.06708868592977524, -0.04164746776223183, -0.020889703184366226, -0.07953808456659317, -0.03324272856116295, 0.009875637479126453, -0.007046022918075323, 0.023893054574728012, 0.03025241196155548, 0.016590990126132965, 0.027510590851306915, 0.005495711229741573, 0.009307850152254105, -0.0406709685921669, -0.025992579758167267, -0.050805166363716125, 0.03034311719238758, -0.01569811999797821, 0.00797608308494091, 0.02614457532763481, 0.011813327670097351, -0.018122650682926178, 0.05180962011218071, 0.04691224545240402, -0.05309862270951271, -0.025640876963734627, -0.018296407535672188, 0.011861540377140045, 0.022215217351913452, -0.08114953339099884, -0.003864271566271782, 0.029767829924821854, 0.02331620641052723, -0.014603639952838421, 0.012104883790016174, -0.024136729538440704, -0.020672228187322617, 0.038810908794403076, 0.006220308132469654, 0.00045868687448091805, -0.0172029547393322, 0.021510731428861618, -0.03597299009561539, -0.003420081688091159, 0.01030030008405447, 0.005216349381953478, -0.04267781600356102, 0.0029770114924758673, -0.004672460723668337, -0.04618280008435249, -0.06610678881406784, -0.02377365529537201, 0.04870007932186127, -0.04609934240579605, 0.01796719618141651, -0.05971913784742355, -0.018356533721089363, -0.0068123540841042995, 0.060594599694013596, -0.00017894346092361957, 0.022952323779463768, -0.05766763910651207, 0.0121271638199687, -0.0020139350090175867, 0.0023950545582920313, -0.015272651799023151, -0.05032264068722725, -0.0694945752620697, -0.003346286714076996, -0.023173779249191284, -0.004590771161019802, 0.028791416436433792, 0.03741048276424408, -0.05602831766009331, 0.039421480149030685, 0.0039009565953165293, 0.006260668393224478, 0.0170903280377388, -0.01487888302654028, 0.026460299268364906, 0.00578452181071043, -0.012833290733397007, 0.02960503101348877, 0.004761471878737211, 0.03858179971575737, 0.008833752013742924, 0.030693864449858665, -0.017456503584980965, 0.03742481395602226, -0.008633994497358799, -0.027896007522940636, 0.03253485634922981, -0.015929387882351875, 0.03869055584073067, 0.030476635321974754, 0.07410679757595062, -0.008252071216702461, 0.00468381866812706, -0.06495539098978043, 0.05362860858440399, 0.008695201016962528, 0.06753455102443695, 0.005459588952362537, 0.03428974747657776, 0.0021833074279129505, 0.004849824123084545, 0.028004689142107964, -0.010945163667201996, -0.04112527519464493, 0.0013316203840076923, -0.03472936525940895, -0.0385056771337986, -0.015218690037727356, -0.01097448542714119, 0.006110937800258398, 0.00564929423853755, 0.003048742888495326, -0.03252666816115379, -0.02099158987402916, 0.024137120693922043, -0.06214839592576027, -0.010486625134944916, -0.054814066737890244, -0.03618934750556946, -0.08802636712789536, 0.0016636759974062443, -0.0171066727489233, -0.04188601300120354, 0.04399997368454933, 0.03806295990943909, -0.05185733735561371, -0.022090787068009377, 0.013396360911428928, -0.03684426099061966, 0.023255480453372, -0.04219364374876022, 0.034478772431612015, -0.009756572544574738, -0.0013091263826936483, 0.0028738107066601515, -0.02324243262410164, 0.0022347928024828434, -0.012177160009741783, -0.04857250675559044, -0.055598046630620956, 0.03609678894281387, 0.03846953436732292, 0.015846317633986473, -0.07969529181718826, -0.0020598601549863815, 0.0032049415167421103, 0.023606829345226288, 0.006484834477305412, 0.02051849290728569, -0.02657638117671013, -0.014748526737093925, -0.007060701493173838, 0.03434640169143677, 0.007903310470283031, 0.03524636849761009, 0.044624391943216324, 0.02121874690055847, 0.021606652066111565, -0.04489580914378166, -0.02538626827299595, -0.007834691554307938, -0.03522926941514015, 0.029259469360113144, -0.027673445641994476, 0.013682402670383453, 0.01886085793375969, 0.009200663305819035, -0.0441526398062706, 0.021579230204224586, 0.008731965906918049, -0.05721178278326988, 0.004075204953551292, -0.027346055954694748, -0.03335052728652954, -0.01868448778986931, 0.028567828238010406, 0.02135390229523182, 0.057107407599687576, -0.01921938918530941, 0.006968009285628796, -0.04117761552333832, 0.033299338072538376, -0.0187124852091074, -0.03809087350964546, 0.009231583215296268, 0.003977982793003321, -0.014039228670299053, -0.06058288738131523, 0.021141421049833298, -0.004654999356716871, 0.005170026328414679, -0.022626545280218124, -0.03900609910488129, 0.045390550047159195, -0.0286417193710804, -0.04209071397781372, -0.03599413484334946, -0.01324445940554142, 0.02046770416200161, 0.04296840354800224, -0.005583706311881542, -0.02310127764940262, -0.027819620445370674, 0.019992908462882042, -0.010233702138066292, 0.012634898535907269, 0.011056609451770782, -0.03329628333449364, -0.025670383125543594, -0.024335846304893494, -0.026274923235177994, 0.033314354717731476, -0.01808447204530239, -0.08503034710884094, 0.005808275658637285, -0.005221179220825434, 0.003925536293536425, -0.01593570038676262, 0.009125839918851852, 0.05922817066311836, 0.07252340018749237, 0.016020648181438446, -0.06478860229253769, 0.0030209405813366175, 0.05100075155496597, 0.004615724086761475, -0.010925835929811, -0.010647297836840153, 0.008048954419791698, 0.025294916704297066, 0.02592426910996437, -0.014513639733195305, 0.0044921888038516045, 0.024766888469457626, 0.014378557913005352, -0.03490521013736725, 0.026755284518003464, -0.03820914775133133, -0.008058142848312855, 0.04719763249158859, -0.03691498935222626, 0.04382358863949776, 0.013769949786365032, -0.06392541527748108, -0.006606166251003742, 0.02906758151948452, -0.01304068323224783, -0.013174440711736679, 0.007435473147779703, 0.03085530735552311, 0.0015912976814433932, -0.03548998385667801, -0.013488562777638435, -0.01325882039964199, -0.05325768515467644, -0.029237352311611176, -0.038436438888311386, 0.02592930942773819, -0.04291277751326561, -0.005899401847273111, -0.025948606431484222, -0.04052858427166939, 0.02729971706867218, -0.01334912609308958, -0.03419142961502075, -0.06679986417293549, -0.0007927584229037166, -0.045810434967279434, 0.02160797268152237, -0.011112524196505547, -0.03150046616792679, -0.024544117972254753, 0.061168815940618515, 0.006902392487972975, 0.03479514271020889, -0.03495568037033081, 0.014197834767401218, -0.03575749322772026, -0.044837892055511475, 0.027297046035528183, 0.03200535848736763, 0.004437125287950039, 0.05849434435367584, -0.03177376091480255, -0.02539680525660515, -0.012083731591701508, 0.001957000931724906, -0.05332552269101143, -0.09196306765079498, 0.03824877366423607, 0.04895896837115288, -0.0035480710212141275, 0.02064266800880432, 0.028922656551003456, -0.042288638651371, -0.11465395987033844, -0.0673871859908104, 0.028762925416231155, -0.007789310999214649, -0.01666189916431904, -0.008891653269529343, -0.016823893412947655, 0.017324823886156082, 0.012335450388491154, 0.003635409753769636, 0.028070593252778053, -0.016710622236132622, 0.011753076687455177, 0.0401751883327961, 0.012539415620267391, -0.02935769408941269, -0.03613659366965294, 0.04084393009543419, -0.040324654430150986, 0.029752353206276894, 0.05996738001704216, -0.04218793287873268, -0.0002204539778176695, 0.0381033681333065, -0.0647745430469513, -0.0016402561450377107, 0.00232044979929924, -0.0016358724096789956, -0.052641332149505615, 0.0453362837433815, 0.03552450239658356, -0.04107000306248665, -0.0058892336674034595, 0.029899930581450462, 0.004848591983318329, 0.0344512015581131, 0.05390473082661629, -0.004947413224726915, -0.0335131473839283, -0.052384160459041595, 0.004074973054230213, 0.0007994662155397236, -0.04630568251013756, -0.0015367146115750074, 0.005897206254303455, -0.015582854859530926, 0.02637721411883831, 0.010407398454844952, -0.022768273949623108, 0.0013967551058158278, -0.04304073005914688, 0.050764020532369614, 0.0030716874171048403, 0.009560182690620422, -0.03933000564575195, 0.02675437554717064, -0.005680748261511326, 0.011669671162962914, -0.007954767905175686, -0.04277127608656883, 0.010629539377987385, 0.04425976425409317, -0.05998809635639191, -0.017436565831303596, -0.028402557596564293, -0.015675138682127, -0.032510511577129364, -0.09323687851428986, 0.0014428130816668272, 0.0281500406563282, -0.02472398802638054, 0.010509137995541096, 0.01448169443756342, 0.03953681141138077, -0.023633714765310287, -0.00031863030744716525, -0.055896833539009094, -0.01829814538359642, 0.07410434633493423, -0.004951592069119215, -0.0333569310605526, -0.057071052491664886, 0.004933199845254421, -0.029095737263560295, -0.0637066662311554, 0.0275395680218935, 0.027367811650037766, 0.029793405905365944, -0.023921819403767586, 0.019603239372372627, -0.041789460927248, -0.007128683850169182, 0.003911576233804226, -0.039557263255119324, 0.007102863863110542, 0.015558025799691677, 0.008730649948120117, -0.0009719611844047904, 0.028549380600452423]",./aquastride_images/aquastride_company.pdf_0.png,"AquaStride
Our Story: From Market Stall to Scientific Marvel
AquaStride's extraordinary journey began in the bustling heart of a city street market. Zachary Thorman, a charismatic salesman with a knack for spotting unique products, stumbled upon a peculiar material while browsing a vendor's stall. Its texture was unlike anything he'd ever encountered – smooth, almost rubbery, yet impossibly light. Intrigued, Zachary purchased a small sample and shared his discovery with his old friend, Charles Elliott, a brilliant but reclusive scientist.

Charles, ever curious, immediately recognized the material's potential. Days turned into nights as the two friends tirelessly experimented in Charles' cluttered laboratory. Combining the mysterious material with advanced hydrophobic coatings and innovative shoe design, they achieved the impossible: a shoe that could quite literally walk on water.

Excited by their breakthrough, Zachary and Charles formed AquaStride, a company dedicated to sharing their revolutionary footwear with the world.

Ready to Experience the Extraordinary?
Visit our website or your nearest AquaStride retailer to discover the future of footwear.
No table was detected in the image. The content is primarily narrative text with a logo and an image."
e3a29e97-cf46-4dd7-9c31-86af6291d3d7,"[-0.046313922852277756, -0.007916377857327461, 0.014846527948975563, -0.034227482974529266, -0.020153919234871864, 0.014792767353355885, -0.004884734284132719, 0.022791169583797455, 0.06222285330295563, 0.02442711591720581, -0.032156623899936676, 0.015128151513636112, 0.038302671164274216, 0.0005270406254567206, -0.005929057020694017, 0.019837062805891037, 0.06947967410087585, -0.06128891557455063, -0.04942727088928223, -0.005507500376552343, 0.005016929004341364, 0.039450421929359436, -0.02358756773173809, 0.009622525423765182, 0.013247094117105007, -0.044821854680776596, 0.026523025706410408, -0.04719039425253868, -0.047468557953834534, 0.0271660964936018, 0.019054017961025238, -0.012703575193881989, -0.038303736597299576, -0.04598783701658249, 0.0065786768682301044, -0.028043704107403755, 0.0413484126329422, 0.002158008748665452, 0.03008493036031723, 0.013791156001389027, 0.006938683334738016, 0.00011509459000080824, 0.02636118233203888, -0.05047333985567093, -0.009554781019687653, 0.0695304349064827, -0.006453772075474262, 0.029828159138560295, -0.03282345458865166, -0.07455229759216309, 0.034436002373695374, 0.057019297033548355, -0.025197526440024376, 0.006659666541963816, 0.022341474890708923, 0.05691748857498169, -0.017595181241631508, 0.024234497919678688, -0.036057330667972565, -0.025208154693245888, 0.0067186844535171986, -0.025274865329265594, 0.023030631244182587, -0.035169586539268494, -0.0388038195669651, -0.028033358976244926, 0.014051085337996483, 0.032250840216875076, 0.01720392517745495, -0.04235090687870979, -0.09660875797271729, -0.020713360980153084, -0.03420824557542801, 0.044546063989400864, -0.004231583327054977, 0.013546047732234001, 0.045500509440898895, 0.0782569944858551, 0.009710036218166351, 0.04764346778392792, -0.03426332399249077, -0.031313296407461166, -0.0438874177634716, 0.04006383195519447, 0.026808882132172585, -0.03659776598215103, -0.01968451775610447, -0.06122634932398796, -0.05713989585638046, -0.021959396079182625, 0.016414405778050423, 0.007029730360955, -0.02148875780403614, -0.015789173543453217, 0.03927115350961685, 0.07579010725021362, 0.02606697380542755, 0.12914030253887177, -0.0355229452252388, 0.06169433519244194, 0.021210927516222, 0.04346983879804611, 0.018354132771492004, -0.05661581829190254, 0.04172353073954582, 0.07906883955001831, -0.05677075684070587, 0.05716831609606743, -0.01485142856836319, -0.038462068885564804, -0.042262766510248184, -0.03509298339486122, 0.0012786970473825932, 0.04240044578909874, 0.036643728613853455, -0.008820107206702232, 0.026683513075113297, -0.060392849147319794, -0.05993591621518135, -0.10582855343818665, -0.060902345925569534, 0.030278192833065987, 0.07052944600582123, 0.047287292778491974, -0.022752756252884865, 0.08540818840265274, 0.045669298619031906, 0.016595158725976944, -0.013776270672678947, -0.01676729880273342, 0.0017813675804063678, -0.06325873732566833, 0.057030681520700455, 0.07901153713464737, 0.034962333738803864, -0.03432793170213699, 0.04624320566654205, -0.0216171033680439, 0.010672850534319878, 0.03560318052768707, -0.035493552684783936, 0.04604637995362282, 0.0013922161888331175, 0.04331600293517113, 0.037180908024311066, -0.05318605154752731, -0.01611870527267456, 0.07336664944887161, 0.01465800404548645, 0.030641594901680946, -0.03944957256317139, 0.037544798105955124, 0.02982325851917267, 0.08354566991329193, 0.052734874188899994, -0.04210101440548897, -0.021284114569425583, -0.01614355482161045, -0.04609939083456993, 0.010446100495755672, 0.003607944818213582, 0.03605591878294945, -0.022332563996315002, 0.06477639079093933, -0.047862522304058075, -0.007253650575876236, 0.08605082333087921, -0.052354730665683746, -0.011426208540797234, 0.03842170909047127, 0.019589480012655258, -0.03820159658789635, -0.03232091665267944, -0.015459613874554634, -0.003843432292342186, -0.029015349224209785, -0.003624548437073827, 0.0039484696462750435, -0.017904384061694145, -0.03591962903738022, -0.057279620319604874, 0.0016177080105990171, 0.002687229309231043, 0.022438542917370796, -0.11642789095640182, 0.027344591915607452, -0.05669797584414482, 0.003874697955325246, -0.014988262206315994, -0.018306324258446693, -0.04646895080804825, -0.03402881324291229, -0.06073162704706192, 0.09124685078859329, 0.01909407041966915, 0.020655136555433273, -0.008604468777775764, -0.04440462589263916, -0.0507945790886879, 0.018732506781816483, -0.002101205987855792, -0.03319183364510536, 0.03864755108952522, -0.038202982395887375, -0.050403326749801636, -0.01395089365541935, 0.03484311327338219, -0.03540261089801788, -0.021080194041132927, -0.039838094264268875, 0.031667377799749374, 0.01368667557835579, -0.047182027250528336, -0.0031204870902001858, -0.0059006172232329845, -0.04651517793536186, 0.020237997174263, -0.042620472609996796, 0.08357584476470947, 0.02784823067486286, 0.05356665328145027, 0.0171213261783123, -0.05874486640095711, -0.018482886254787445, 0.049002695828676224, 0.026356421411037445, 0.004867423791438341, -0.021313300356268883, 0.01709660328924656, 0.04456622526049614, -0.059626542031764984, 0.03906590864062309, -0.009481350891292095, 0.013394673354923725, -0.025034353137016296, -0.01927844248712063, -0.05187531188130379, -0.004988109227269888, -0.07895458489656448, 0.027561049908399582, -0.053117092698812485, -0.023615438491106033, -0.060523778200149536, 0.025420157238841057, -0.0062018190510571, 0.05699867010116577, -0.0585484616458416, 0.045323122292757034, -0.006232899613678455, -0.017325881868600845, -0.022821810096502304, 0.027804354205727577, -0.0438166968524456, 0.048849646002054214, 0.0900452584028244, -0.06105457991361618, 0.016603752970695496, 0.044569581747055054, -0.0025475702714174986, 0.016871361061930656, 0.009477796964347363, 0.0013449930120259523, 0.024448450654745102, -0.04133213683962822, -0.02310280315577984, -0.018522795289754868, -0.02316446602344513, -0.017751742154359818, 0.010853235609829426, 0.02574034593999386, -0.044507063925266266, -0.002394754206761718, 0.03625693917274475, 0.0010556259658187628, -0.03208506107330322, 0.04129277169704437, -0.03973168134689331, -0.012313264422118664, 0.031022122129797935, 0.02185499295592308, -0.035973139107227325, -0.00209151697345078, -0.041616491973400116, 0.057685669511556625, 0.02219170331954956, 0.027303531765937805, -0.004004335030913353, 0.0556173250079155, 0.0238542128354311, -0.023358093574643135, -0.03770945593714714, 0.035746823996305466, 0.06725360453128815, -0.009011526592075825, 0.030202511698007584, -0.006755944807082415, 0.09597691893577576, 0.013781320303678513, -0.0147532494738698, 0.009874018840491772, -0.005094032268971205, 0.009311262518167496, -0.023794058710336685, -0.02151533029973507, 0.043267566710710526, -0.02659553661942482, 0.02309896983206272, -0.05522911250591278, 0.010965523310005665, -0.04080353304743767, 0.004911900032311678, -0.0028605989646166563, -0.001048932084813714, 0.006866313051432371, -0.010642915964126587, -0.0038006508257240057, 0.03837538883090019, 0.0081372931599617, 0.044919490814208984, -0.00418122997507453, 0.012777903117239475, -0.047587815672159195, 0.11385855823755264, -0.004302564542740583, -0.006805073469877243, -0.03272270783782005, 0.005181707441806793, 0.06105445697903633, 0.040569718927145004, 0.008311697281897068, 0.0374477319419384, 0.02083757519721985, 0.025326555594801903, -0.022361375391483307, -0.027718940749764442, 0.008462613448500633, -0.013765829615294933, 0.024548562243580818, 0.010464428924024105, -0.01653173193335533, -0.037495654076337814, 0.059075985103845596, -0.03748351335525513, 0.07548150420188904, -0.062466949224472046, 0.023838285356760025, -0.05767568573355675, -0.021374691277742386, -0.015578304417431355, 0.014608277939260006, 0.022757234051823616, 0.057925350964069366, -0.03856465592980385, -0.04293233901262283, 0.013137740083038807, -0.0029501498211175203, -0.022063899785280228, 0.027821119874715805, -0.0016375853447243571, -0.009920499287545681, 0.007290292996913195, 0.04847019538283348, -0.008307664655148983, -0.0003566894738469273, 0.012655994854867458, 0.03369785100221634, -0.02685740776360035, -0.03828880563378334, -0.006044123787432909, 0.04100031033158302, -0.040478043258190155, 0.0049554575234651566, -0.03512423858046532, -0.012531550601124763, -0.005268578417599201, 0.009214583784341812, 0.010739635676145554, 0.021812546998262405, 0.026138685643672943, 0.0234521497040987, -0.03886746987700462, 0.00906018353998661, -0.022666648030281067, -0.02534923516213894, -0.03958917409181595, 0.03770547732710838, 0.014444826170802116, 0.022418275475502014, -0.020814087241888046, 1.633333340578247e-05, -0.041214991360902786, 0.061622634530067444, 0.04201040416955948, -0.01215728186070919, -0.00892320554703474, -0.002231649588793516, 0.012107949703931808, 0.006771205458790064, -0.07629796862602234, -0.02186894603073597, 0.024777529761195183, 0.03923139348626137, -0.018600203096866608, 0.036750294268131256, -0.02574826218187809, -0.039749111980199814, 0.020863637328147888, 0.03202056139707565, -0.033712368458509445, -0.02046743780374527, -0.02845078706741333, -0.019635552540421486, 0.02314213663339615, 0.037425506860017776, 0.033898044377565384, -0.0455036498606205, 0.010854165069758892, 0.00857526808977127, -0.024434510618448257, -0.0802476555109024, -0.052519991993904114, 0.07688029110431671, 0.001088592573069036, 0.03457968682050705, -0.03792395442724228, -0.02700561098754406, -0.015373987145721912, 0.029353652149438858, 0.0033047643955796957, 0.05529334396123886, -0.07268674671649933, 0.034942906349897385, -0.011984760873019695, -0.03128151223063469, 0.023383064195513725, -0.037221506237983704, -0.019809603691101074, -0.0067365472204983234, -0.03196437284350395, -0.003094759536907077, 0.022285982966423035, 0.053979553282260895, -0.027384497225284576, 0.04402109235525131, -0.011354822665452957, -0.010344920679926872, 0.051819030195474625, -0.04810550436377525, 0.025547463446855545, 0.01337482500821352, -0.008457032032310963, 0.04350566864013672, -0.016292475163936615, 0.07044055312871933, -0.0024089475627988577, 0.05067262798547745, 0.000197804591152817, 0.011352980509400368, -0.021483242511749268, -0.09910431504249573, -0.02561335265636444, 0.021016594022512436, 0.03831619396805763, 0.05225297063589096, 0.041555725038051605, -0.016133558005094528, -0.007151097524911165, -0.08843912184238434, 0.016986452043056488, -0.019005892798304558, 0.08117559552192688, -0.008218022994697094, -0.029154017567634583, 0.03025141917169094, 0.04179583862423897, 0.03669173642992973, -0.004823337309062481, -0.02914699912071228, -0.005407245829701424, -0.0020802346989512444, -0.02425839938223362, -0.034048017114400864, 0.018020613119006157, -0.002946044085547328, 0.04276113584637642, -0.0003756596997845918, -0.016751185059547424, -0.051805898547172546, 0.027539195492863655, -0.037025220692157745, -0.0006390017224475741, -0.014717389829456806, -0.02021736279129982, -0.09130985289812088, -0.024599159136414528, -0.005557328462600708, -0.03682391345500946, 0.042626313865184784, -0.006375390570610762, -0.01081249862909317, -0.022023510187864304, 0.024273602291941643, -0.06194288656115532, 0.07368063181638718, -0.01994287222623825, -0.007774939760565758, -0.02230016142129898, 0.008271671831607819, -0.018805142492055893, -0.0011365094687789679, 0.024455521255731583, -0.016915980726480484, -0.01667773723602295, -0.04640929400920868, 0.0033136364072561264, 0.0630013570189476, 0.012237436138093472, -0.0576675646007061, -0.010572828352451324, -0.003989877179265022, -0.010786008089780807, 0.039380304515361786, 0.0173513051122427, -0.032034844160079956, -0.004776960704475641, -0.020221136510372162, 0.017917988821864128, 0.011886720545589924, -0.0062994761392474174, 0.057525042444467545, 0.029515275731682777, -0.004402558784931898, -0.0032969750463962555, -0.04929997771978378, 0.028712989762425423, 0.014673307538032532, 0.0020238044671714306, -0.026216574013233185, 0.00913454219698906, 0.029880093410611153, 0.015389111824333668, -0.03602373227477074, 0.0226726271212101, -0.0019477208843454719, -0.04211971536278725, 0.00287685077637434, -0.029430605471134186, -0.03982650861144066, 0.02502366341650486, 0.06025678291916847, -0.0018628643592819571, 0.0581682063639164, -0.001700093736872077, 0.02885744720697403, -0.01818106696009636, 0.045006223022937775, -0.002567210467532277, -0.01534486934542656, 0.010331419296562672, -0.02208198979496956, -0.013544226996600628, -0.0414576418697834, 0.05458784103393555, -0.044384147971868515, 0.013898853212594986, -0.038314562290906906, -0.008874623104929924, 0.03989103063941002, -0.033993229269981384, -0.012451032176613808, 0.002470109611749649, 0.0029570157639682293, 0.035194914788007736, 0.035756029188632965, 0.006974247749894857, -0.026427339762449265, -0.037601538002491, 0.05260195955634117, 0.010890821926295757, 0.010564221069216728, -0.005528174806386232, -0.034757889807224274, -0.007304598577320576, -0.003299462841823697, -0.020540747791528702, 0.04636448249220848, -0.02072148770093918, -0.038889434188604355, 0.016493724659085274, -0.020100902765989304, 0.004149939864873886, -0.008565027266740799, -0.010288361459970474, 0.051172200590372086, 0.03610760346055031, 0.021514326333999634, -0.09758462756872177, 0.04198526591062546, 0.028672512620687485, -0.028844570741057396, -0.04411214217543602, 0.06546856462955475, 0.024159954860806465, 0.03291838616132736, 0.03488858789205551, 0.006310959812253714, -0.007494980935007334, -0.004087988752871752, 0.060119129717350006, -0.0619627982378006, 0.018733497709035873, -0.007034827955067158, 0.008482636883854866, 0.02852986939251423, 0.014831563457846642, 0.017245614901185036, 0.009800742380321026, -0.07826849073171616, -0.018054312095046043, 0.030924204736948013, -0.005816488992422819, -0.01247148122638464, 0.005806422792375088, 0.007114875596016645, -0.010570523329079151, 0.00011551318311830983, -0.056959621608257294, 0.01844998449087143, -0.025398148223757744, -0.013781494460999966, -0.011784326285123825, 0.006973635870963335, -0.03450177609920502, -0.053086359053850174, -0.015257105231285095, 0.0028682518750429153, 0.011147739365696907, 0.011158752255141735, -0.0132639454677701, -0.05597057566046715, 0.021496834233403206, -0.04462556540966034, -0.015341139398515224, -0.03742711618542671, -0.058936260640621185, -0.0317547582089901, 0.047359649091959, 0.05577870085835457, 0.020582808181643486, -0.04142291843891144, 0.031945135444402695, -0.08758583664894104, -0.05657026171684265, 0.03559130057692528, 0.05557017773389816, -0.0036589549854397774, 0.054173793643713, 0.013191970065236092, 0.012528922408819199, -0.0582556426525116, 0.043411754071712494, -0.025199109688401222, -0.10307358205318451, 0.02954779379069805, 0.06057117134332657, 0.025803014636039734, -0.03314002603292465, 0.015141401439905167, -0.012479481287300587, -0.04709431529045105, -0.04093683511018753, -0.01980232447385788, -0.027345120906829834, -0.03305940330028534, -0.018208472058176994, -0.005011443048715591, 0.004745212383568287, 0.012303248979151249, 0.012697036378085613, 0.0482759065926075, 0.008209791965782642, -0.0064072394743561745, 0.017237674444913864, -0.004244538024067879, 0.005764477886259556, -0.023534344509243965, 0.01453713420778513, 0.03167033940553665, 0.031039753928780556, 0.05727028846740723, -0.019264064729213715, -0.03451729193329811, 0.016464846208691597, -0.05691368132829666, 0.015902409330010414, -0.032867662608623505, 0.013238980434834957, -0.05702199414372444, 0.03010033816099167, 0.028277099132537842, -0.03817134350538254, 0.002290302189067006, -0.0012147905072197318, 0.014052881859242916, 0.04792125150561333, 0.030637145042419434, -0.022617295384407043, 0.02693260833621025, -0.01843121461570263, 0.003694892395287752, 0.014979441650211811, -0.01975557953119278, -0.013449146412312984, -0.010796841233968735, -0.017396997660398483, -0.016846228390932083, -0.01783815398812294, -0.024068063125014305, -0.009130957536399364, -0.03927777335047722, 0.10844115912914276, -0.015204555355012417, 0.008270091377198696, -0.02116074413061142, 0.014781570993363857, 0.03027426451444626, -0.01708119548857212, -0.02728820964694023, -0.010670079849660397, 0.03894159197807312, 0.051645778119564056, -0.05975176766514778, -0.004719435703009367, -0.018072005361318588, 0.011736753396689892, -0.004025544971227646, -0.0858500748872757, 0.007167093921452761, -0.007169920951128006, -0.012821106240153313, 0.01402429398149252, 0.03038598597049713, 0.03242332488298416, -0.012240953743457794, -0.021286047995090485, -0.029463928192853928, -0.00909820944070816, 0.05419299378991127, -0.028727691620588303, -0.014318983070552349, -0.027450870722532272, 0.026408439502120018, -0.01899033784866333, -0.053898073732852936, 0.041593413800001144, 0.019775988534092903, -0.00851160753518343, 0.011281398124992847, -0.013715492561459541, -0.05035112425684929, -0.007436805870383978, -0.014363802038133144, -0.07546175271272659, -0.001237588352523744, 0.033632855862379074, -0.002589837182313204, -0.009303412400186062, -0.014655087143182755]",./aquastride_images/aquastride_company.pdf_2.png,"Here's all the text content from the image:

Product Questions:
• Q: Do AquaStride shoes really allow me to walk on water? A:
Yes! Our DepthStrider model is specially engineered with a unique
sole design and buoyant materials that enable you to walk on
water. Experience the thrill of effortlessly gliding across lakes,
rivers, and other bodies of water, defying gravity with every step.
• Q: Can I wear AquaStrides in everyday situations? A:
Absolutely! Our shoes are designed to be versatile and
comfortable for daily wear, while also excelling in wet and
adventurous environments. The RainWalker and TrailBlazer are
perfect for urban settings and outdoor activities alike.
• Q: Are AquaStride shoes suitable for running? A: Yes, many of
our models, especially the TrailBlazer, are designed with features
like responsive cushioning and superior grip that make them ideal
for running on various terrains.
• Q: Do AquaStride shoes require special care? A: AquaStride
shoes are easy to maintain. Simply wipe them clean with a damp
cloth and mild soap as needed. Avoid using harsh chemicals or
machine washing.
• Q: Are AquaStride shoes true to size? A: We recommend
consulting our size chart for accurate sizing. If you are between
sizes, we suggest ordering the larger size for optimal comfort.

Ordering & Shipping:
• Q: How long does it take to process and ship my order? A:
Orders are typically processed within 1-2 business days and
shipped via standard ground shipping, which takes 3-5 business
days within the contiguous United States.
• Q: Do you offer international shipping? A: Currently, we only
ship within the United States. However, we are exploring options to
expand our shipping in the future.

Ready to Experience the Extraordinary?
Visit our website or your nearest AquaStride retailer to discover the future of footwear.
The image does not contain a traditional table with rows and columns. Instead, it presents information in a Question & Answer (Q&A) format, which is a structured list. Here's the extracted content maintaining that Q&A structure:

**Product Questions:**

*   **Q: Do AquaStride shoes really allow me to walk on water?**
    *   **A:** Yes! Our DepthStrider model is specially engineered with a unique sole design and buoyant materials that enable you to walk on water. Experience the thrill of effortlessly gliding across lakes, rivers, and other bodies of water, defying gravity with every step.
*   **Q: Can I wear AquaStrides in everyday situations?**
    *   **A:** Absolutely! Our shoes are designed to be versatile and comfortable for daily wear, while also excelling in wet and adventurous environments. The RainWalker and TrailBlazer are perfect for urban settings and outdoor activities alike.
*   **Q: Are AquaStride shoes suitable for running?**
    *   **A:** Yes, many of our models, especially the TrailBlazer, are designed with features like responsive cushioning and superior grip that make them ideal for running on various terrains.
*   **Q: Do AquaStride shoes require special care?**
    *   **A:** AquaStride shoes are easy to maintain. Simply wipe them clean with a damp cloth and mild soap as needed. Avoid using harsh chemicals or machine washing.
*   **Q: Are AquaStride shoes true to size?**
    *   **A:** We recommend consulting our size chart for accurate sizing. If you are between sizes, we suggest ordering the larger size for optimal comfort.

**Ordering & Shipping:**

*   **Q: How long does it take to process and ship my order?**
    *   **A:** Orders are typically processed within 1-2 business days and shipped via standard ground shipping, which takes 3-5 business days within the contiguous United States.
*   **Q: Do you offer international shipping?**
    *   **A:** Currently, we only ship within the United States. However, we are exploring options to expand our shipping in the future.

**Additional Information:**

*   Ready to Experience the Extraordinary? Visit our website or your nearest AquaStride retailer to discover the future of footwear."
cd80f4ff-b330-43a7-862d-24f76be96032,"[-0.025491245090961456, -0.021505603566765785, 0.01549970917403698, -0.028312116861343384, 0.0035297118593007326, 0.005933456588536501, -0.009167840704321861, 0.05940205231308937, 0.04337402805685997, 0.04289565980434418, 0.014454915188252926, 0.07412692159414291, 0.038075223565101624, -0.023688847199082375, 0.025904590263962746, 0.007713186554610729, 0.014441652223467827, -0.021414220333099365, -0.0403159037232399, -0.04370560869574547, 0.015642939135432243, 0.032715752720832825, -0.014268177561461926, -0.0031282685231417418, -0.010323325172066689, 0.04359389469027519, 0.018107207491993904, -0.06533453613519669, -0.07891461253166199, 0.01928052119910717, 0.024891171604394913, -0.059413421899080276, -0.04812281206250191, -0.01761757954955101, -0.015311229974031448, -0.011442829854786396, 0.0790339857339859, -0.0017204361502081156, 0.013199352659285069, -0.02342415042221546, 0.024464517831802368, -0.05988704040646553, 0.033719174563884735, -0.04186594858765602, -0.01978580839931965, 0.008243778720498085, 0.009828999638557434, 0.03211600333452225, -0.045763637870550156, -0.02706923708319664, 0.01918509602546692, 0.05408664792776108, -0.006318464409559965, 0.039120834320783615, -0.008234145119786263, 0.08151105791330338, 0.0006049333023838699, 0.022022651508450508, -0.014491795562207699, -0.016326280310750008, 0.04958725720643997, -0.014461228623986244, 0.017049230635166168, -0.035729456692934036, -0.02620559185743332, -0.03721991553902626, 0.005363692995160818, 0.04500817880034447, 0.011918572708964348, -0.05519673973321915, -0.05494305118918419, -0.05060364678502083, -0.0019686080049723387, 0.011026171036064625, -0.000982740893959999, 0.017224056646227837, 0.04985320195555687, 0.02252805605530739, -0.023030323907732964, 0.0068050408735871315, -0.019045047461986542, 0.020548567175865173, -0.0954500362277031, 0.07104412466287613, 0.02612442709505558, -0.03805433213710785, -0.0118394885212183, -0.08131609857082367, -0.05798745155334473, -0.025351202115416527, -0.0006674348842352629, 0.008225085213780403, -0.03940543904900551, -0.017073817551136017, 0.013821077533066273, 0.06866924464702606, 0.01374085620045662, 0.10717747360467911, -0.057088274508714676, 0.10563674569129944, 0.01016952469944954, 0.08552221208810806, 0.027939695864915848, -0.03880971670150757, 0.01519473735243082, 0.022421257570385933, -0.08308596163988113, 0.040366802364587784, 0.04592594876885414, -0.03323515132069588, -0.05764711648225784, -0.06053470820188522, 0.002350108465179801, 0.03902062401175499, 0.030766725540161133, -0.01751580275595188, 0.0008890427998267114, -0.01976570300757885, -0.06824569404125214, -0.1053837463259697, -0.08254113793373108, 0.04626132920384407, 0.0031981412321329117, 0.06448519229888916, 0.010419131256639957, 0.101108118891716, 0.04996327683329582, 0.01511779148131609, -0.04151882603764534, -0.005338097922503948, 0.01583736203610897, -0.03629104420542717, 0.029544886201620102, 0.09298443049192429, 0.06516782939434052, 0.014482110738754272, 0.009950856678187847, -0.06274370849132538, -0.0037750122137367725, -0.02358812838792801, -0.01974469982087612, 0.05696794390678406, 0.004173898138105869, 0.031749170273542404, -0.008918700739741325, -0.034306515008211136, 0.01888580061495304, 0.10868805646896362, -0.010573196224868298, 0.035666875541210175, -0.03405357524752617, 0.026937682181596756, 0.018614964559674263, 0.036158181726932526, 0.0992836132645607, -0.01036006584763527, -0.01891239732503891, -0.014239002950489521, -0.024360589683055878, 0.02903963066637516, 0.03144609555602074, 0.0023440092336386442, -0.049080874770879745, 0.04663178697228432, -0.04306555539369583, 0.028450045734643936, 0.08887581527233124, 0.0010813608532771468, -0.0072716958820819855, 0.03062557987868786, 0.04634851962327957, -0.019693652167916298, -0.0011509654577821493, 0.011163383722305298, 0.005203396547585726, -0.0018369883764535189, 0.018339088186621666, 0.0022677977103739977, -0.003920672927051783, -0.010593270882964134, -0.055406659841537476, -0.02097446285188198, -0.013060239143669605, 0.021219123154878616, -0.10757295042276382, 0.00799706019461155, -0.05506609007716179, 0.012905120849609375, -0.03200278803706169, -0.05716946721076965, -0.01888725534081459, -0.027357202023267746, -0.05583079904317856, 0.06531045585870743, -0.0031237017828971148, 0.022198408842086792, -0.0249113030731678, -0.05125485733151436, -0.018829626962542534, 0.005741759669035673, -0.017920691519975662, -0.04502164199948311, 0.033051908016204834, 0.015417654998600483, -0.03641752526164055, -0.04566916450858116, 0.051906097680330276, -0.023365475237369537, -0.001857598079368472, -0.018314020708203316, 0.022550813853740692, 0.010292381048202515, -0.06626121699810028, -0.02113877795636654, -0.03596462681889534, -0.055420223623514175, 0.015186336822807789, -0.048636287450790405, 0.0760088786482811, -0.0012922959867864847, 0.059518493711948395, 0.03945046663284302, -0.03518199548125267, 0.004075062461197376, 0.07015323638916016, 0.004401831422001123, -0.014660199172794819, -0.047507353127002716, 0.02631372958421707, 0.06364844739437103, -0.06302128732204437, -0.001962331822142005, -0.0233758594840765, -0.03356728330254555, -0.01212715357542038, -0.014407086186110973, -0.04028528556227684, 0.0031066634692251682, -0.0864691436290741, 0.01929657720029354, -0.027226703241467476, 0.010543976910412312, -0.0971238985657692, 0.031922243535518646, 0.02159041538834572, -0.0014765190426260233, -0.04887038841843605, 0.028438039124011993, -0.0026859131176024675, -0.0034834817051887512, 0.0007671139319427311, 0.032863207161426544, -0.004661534447222948, 0.07852479070425034, 0.05970171466469765, -0.053013723343610764, 0.03165183961391449, 0.018974382430315018, -0.01959373615682125, 0.0343547947704792, 0.03114827536046505, 0.018579643219709396, 0.04244503751397133, -0.05616411194205284, -0.0511728897690773, 0.02428748831152916, -0.06643681973218918, -0.027609309181571007, 0.011517949402332306, 0.04898162558674812, -0.05965506285429001, -0.0014842137461528182, 0.013629771769046783, -0.019632790237665176, -0.014619778841733932, 0.06128638610243797, -0.039861828088760376, 0.014654875732958317, -0.005270762834697962, 0.032892100512981415, -0.03212014213204384, 0.00847640261054039, -0.012621224857866764, 0.07231906056404114, -0.0076985908672213554, 0.0008097760728560388, 0.03721129521727562, 0.06656147539615631, 0.0074836621060967445, -0.019375160336494446, -0.0064080748707056046, 0.022917671129107475, 0.05927601829171181, 0.0036466189194470644, 0.030881322920322418, -0.00863413605839014, 0.07907993346452713, -0.021368257701396942, -0.004992389585822821, 0.028423896059393883, -0.022281160578131676, -0.006589327473193407, -0.029961541295051575, 0.004697502125054598, 0.05694865807890892, -0.021597446873784065, -0.0002232534607173875, -0.02075047977268696, 0.047565970569849014, -0.031534790992736816, 0.004873907193541527, -0.0026171449571847916, 0.006650860421359539, -0.0037126224488019943, -0.029267532750964165, -0.03714986518025398, 0.04710658639669418, -0.02207026258111, 0.03884505480527878, -0.007166778668761253, 0.021693766117095947, -0.041340023279190063, 0.08540108054876328, 0.023853043094277382, -0.02408425137400627, -0.034481581300497055, -0.017965145409107208, 0.059201423078775406, 0.027775699272751808, -0.005494425538927317, 0.029768599197268486, 0.014307285659015179, 0.022727830335497856, -0.0111665278673172, -0.03886360302567482, -0.03518632799386978, -0.00957638118416071, 0.03738187253475189, 0.04816301539540291, -0.035496748983860016, -0.025088777765631676, 0.029820019379258156, -0.037068016827106476, 0.06224089488387108, -0.08212820440530777, 0.028788886964321136, -0.07785956561565399, -0.01716390997171402, 0.001992611913010478, 0.007453138008713722, 0.03267819061875343, 0.04084119200706482, -0.0337078832089901, -0.03258468583226204, 0.009600380435585976, -0.00705590657889843, 0.0037170744035393, 0.05088827386498451, 0.015464882366359234, -0.04901259392499924, 0.0013807921204715967, 0.03616240248084068, -0.016158729791641235, 0.029976915568113327, -0.010745964013040066, 0.026496250182390213, -0.035727713257074356, -0.018327414989471436, 0.007172940298914909, -0.015154395252466202, -0.027942411601543427, 0.01444058958441019, -0.0331440195441246, -0.034125734120607376, -0.03465432673692703, -0.00015833634824957699, 0.0113382488489151, 0.012537811882793903, 0.021220820024609566, 0.007356566376984119, -0.005610418971627951, 0.03296825662255287, -0.029834503307938576, -0.026677768677473068, -0.008038165047764778, 0.017657259479165077, 0.013696413487195969, 0.05877973884344101, -0.006450443062931299, -0.012091857381165028, -0.021149037405848503, 0.04171236604452133, 0.03682982549071312, -0.011026881635189056, -0.039601318538188934, 0.005218458827584982, 0.014136016368865967, 0.021175088360905647, -0.10423523187637329, -0.026275841519236565, 0.006814693100750446, 0.0442579910159111, -0.003853372298181057, 0.040821824222803116, -0.008875933475792408, -0.05407196283340454, -0.002527781995013356, 0.02667485550045967, -0.03085392341017723, -0.0065118977800011635, -0.022335592657327652, -0.02820671908557415, -0.005767601542174816, 0.009369838051497936, 0.020672855898737907, -0.015530356205999851, 0.0640617087483406, -0.01710396632552147, -0.040149472653865814, -0.0796857550740242, -0.06357087194919586, 0.07704918086528778, -0.03010188601911068, 0.0195720586925745, 0.0017000238876789808, -0.015048819594085217, -0.029261894524097443, 0.0271195936948061, 0.010774767957627773, 0.05053986981511116, -0.05805923789739609, 0.04554600641131401, -0.002122259233146906, -0.056437794119119644, 0.02369292452931404, -0.03431948646903038, -0.05360206961631775, -0.020349448546767235, -0.009292352944612503, -0.009691931307315826, 0.02002301812171936, 0.02582147717475891, -0.029175855219364166, 0.008000808767974377, 0.005510522052645683, 0.007905768230557442, 0.017265837639570236, -0.028611881658434868, 0.04080897942185402, 0.000851525750476867, -0.015515031293034554, 0.016435038298368454, -0.03643094748258591, 0.04219994321465492, -0.00503495754674077, 0.052154261618852615, -0.018773889169096947, 0.020869417116045952, -0.024845751002430916, -0.0484515018761158, -0.007516766898334026, -0.007423233240842819, 0.03186393529176712, 0.010534796863794327, 0.011884225532412529, -0.016885561868548393, 0.0024175411090254784, -0.09948740899562836, 0.06782307475805283, -0.030884452164173126, 0.05728814750909805, -0.002160142408683896, -0.0015854244120419025, 0.041533052921295166, 0.024069253355264664, 0.04312507435679436, -0.0358068011701107, -0.030544644221663475, -0.020086603239178658, 0.01193844061344862, -0.0053428662940859795, 0.00930507481098175, -0.003987446893006563, 0.017785215750336647, 0.06520666927099228, 0.01890544593334198, -0.017368676140904427, -0.06968870013952255, 0.0003112796985078603, -0.05047326534986496, 0.0233931764960289, -0.03958732262253761, 0.004140252713114023, -0.06117427721619606, -0.032093197107315063, -0.0005617088754661381, -0.01288592629134655, 0.04297385364770889, 0.007930639199912548, 0.02721969597041607, -0.023008374497294426, -0.009325713850557804, -0.03703441843390465, 0.047902196645736694, -0.009343673475086689, 0.02220441959798336, 0.012708336114883423, 0.008862719871103764, -0.023401981219649315, -0.02092701569199562, 0.032080940902233124, 0.0017698747105896473, -0.06874478608369827, -0.03789403289556503, 0.02502143196761608, 0.03694263845682144, 0.037966955453157425, -0.04622383788228035, -0.04500801861286163, -0.008201525546610355, 0.01820102520287037, 0.007530847564339638, 0.03530510887503624, -0.0390036404132843, 0.01690535806119442, 0.005548755172640085, -0.021835586056113243, 0.024381255730986595, 0.021573230624198914, 0.04255704954266548, -0.011115333996713161, -0.006950861308723688, 0.0171187873929739, -0.035125426948070526, 0.024337705224752426, 0.012673359364271164, 0.004772246349602938, -0.041814133524894714, 0.026033181697130203, 0.02283436991274357, 0.028132235631346703, -0.05310782045125961, 0.0013145607663318515, -0.01065818127244711, -0.030738789588212967, 0.009387432597577572, -0.041694384068250656, -0.042969148606061935, 0.05996224284172058, 0.03947450965642929, 0.026592159643769264, 0.05990619957447052, 0.022235950455069542, -0.0014555819798260927, 0.0035382204223424196, 0.05421189218759537, 0.007697821594774723, -0.013676486909389496, -0.010784666985273361, 0.024554988369345665, -0.004571849480271339, -0.09632356464862823, 0.042260024696588516, -0.00823359377682209, 0.02923663705587387, -0.02346399612724781, 0.01622908189892769, 0.027265584096312523, -0.032788220793008804, 0.010298396460711956, -0.002141630509868264, -0.027480877935886383, 0.019994523376226425, 0.0303460992872715, 0.003286089049652219, -0.0117696113884449, -0.028670065104961395, 0.024109680205583572, 0.033405598253011703, 0.0255291648209095, 0.011259136721491814, -0.016342757269740105, -0.014190963469445705, 0.029391635209321976, -0.03980936482548714, 0.023398540914058685, -0.03306034207344055, -0.018460681661963463, 0.014835099689662457, 0.0014521516859531403, 0.0018042962765321136, 0.0384075902402401, 0.012257433496415615, 0.05815873295068741, 0.057909559458494186, -0.013441324234008789, -0.07852762937545776, 0.045824095606803894, 0.016770612448453903, -0.012182272970676422, -0.02796642668545246, 0.03672786429524422, 0.026895400136709213, 0.0361153818666935, 0.026394182816147804, 0.011083210818469524, 0.0008317878819070756, 0.021210474893450737, 0.02993096597492695, -0.047361843287944794, 0.01049581728875637, -0.016094952821731567, -0.02631773054599762, 0.02024019882082939, 0.0036457243841141462, 0.010055659338831902, 0.026089495047926903, -0.07234389334917068, -0.03587323799729347, 0.044856660068035126, -0.029816269874572754, 0.0018662420334294438, -0.019041094928979874, 0.03274675831198692, 0.017403533682227135, 0.044752076268196106, -0.051716919988393784, 0.022805284708738327, -0.04455425962805748, -0.021004335954785347, -0.027386005967855453, 0.015196605585515499, -0.008333946578204632, -0.04804667457938194, -0.021809175610542297, -0.010392657481133938, 0.05837419629096985, 0.013231024146080017, -0.0075754402205348015, -0.08394086360931396, 0.01597082056105137, -0.04818286746740341, -0.015102374367415905, -0.0661841481924057, -0.03441125527024269, -0.02229331247508526, 0.043800342828035355, 0.061611417680978775, -0.01779160648584366, -0.05131974443793297, 0.03876467049121857, -0.046562857925891876, -0.042007189244031906, 0.03873405605554581, 0.03299781680107117, 0.03341056779026985, 0.0789831206202507, -0.013886398635804653, -0.0037922870833426714, -0.03466670215129852, 0.03577383980154991, -0.03623133525252342, -0.04299541935324669, 0.0250453632324934, 0.02411343716084957, -0.00615935493260622, 0.00018191331764683127, -0.00855619739741087, -0.016111627221107483, -0.06349953263998032, -0.04963468387722969, -0.03115287609398365, -0.017203520983457565, 0.0013553629396483302, -0.02287335880100727, -0.032102070748806, 0.006143815349787474, 0.004267450422048569, 0.014133261516690254, 0.0455017127096653, -0.024292096495628357, -0.0023864908143877983, 0.02022920362651348, 0.05080640688538551, -0.016802266240119934, -0.055969540029764175, 0.012502412311732769, 0.042265940457582474, 0.023905860260128975, 0.029688136652112007, -0.011237990111112595, -0.03959520161151886, 0.01468864269554615, -0.06808807700872421, -0.0007264571031555533, -0.024795526638627052, -0.00027699314523488283, -0.04915747418999672, 0.02533229999244213, -0.02026575803756714, -0.05039159581065178, -0.003091370454058051, -0.00395772373303771, -0.023641416803002357, 0.026066936552524567, 0.025971269235014915, -0.015580512583255768, 0.027506498619914055, -0.019028037786483765, -7.849575922591612e-05, 0.03238961100578308, 0.0007724216557107866, 0.014547145925462246, -0.01057097315788269, -0.015878621488809586, 0.007963329553604126, -0.006938015576452017, -0.04939332976937294, -0.024070104584097862, -0.04125399887561798, 0.10977254062891006, -0.03250302001833916, 0.00299852411262691, 0.008252650499343872, 0.053573865443468094, 0.035346612334251404, -0.02036803402006626, -0.0018723374232649803, -0.01162057276815176, 0.028504760935902596, 0.034222476184368134, -0.05999821797013283, 0.03380034863948822, -0.030326951295137405, 0.018229903653264046, -0.03598523885011673, -0.053281135857105255, 0.024379735812544823, 0.03173051401972771, 0.008634395897388458, 0.0014191670343279839, 0.0008414019248448312, 0.028599578887224197, -0.036085400730371475, -0.005275270435959101, -0.0294289980083704, -0.011391816660761833, 0.06320472806692123, -0.019247161224484444, -0.029760926961898804, -0.01250857301056385, 0.06417975574731827, -0.04191432148218155, -0.0677955225110054, 0.0019494832959026098, 0.019367925822734833, 0.0007563054095953703, -0.012558371759951115, 0.01832517981529236, -0.03482954949140549, 0.01692204177379608, 0.014282859861850739, -0.030625028535723686, -0.016552386805415154, 0.027504216879606247, -0.0038691277150064707, -0.015305045060813427, -0.005455727688968182]",./aquastride_images/aquastride_company.pdf_3.png,"• Q: Can I track my order? A: Yes, you will receive a shipping confirmation email with a tracking number once your order has been shipped.
aquastride
Ready to Experience the Extraordinary?
Visit our website or your nearest AquaStride retailer to discover the future of footwear.
No table was detected in the image."
fb47ba03-f10e-4476-b986-63ff4699e27c,"[-0.05003809183835983, -0.03511378914117813, -0.013178416527807713, -0.04503026232123375, 0.0277303047478199, 0.014504368416965008, 0.018897024914622307, 0.0546068400144577, 0.009812875650823116, -0.004072749055922031, -0.017467079684138298, -0.01664467342197895, -0.00906450767070055, -0.032622646540403366, 0.01218038983643055, 0.0060400883667171, 0.06951820850372314, -0.07620298117399216, -0.016541237011551857, -0.02152879536151886, 0.029784657061100006, 0.007129663601517677, -0.04794735461473465, -0.0013579241931438446, 0.01460960227996111, -0.03695644065737724, -0.018388250842690468, -0.054983582347631454, -0.05217108875513077, 0.01766345091164112, 0.03249086067080498, -0.025034863501787186, -0.0034047961235046387, -0.025135718286037445, 0.0063765933737158775, -0.0030685849487781525, 0.023218918591737747, 0.0022360901348292828, 0.029008302837610245, -0.0014227929059416056, 0.021109579131007195, -0.027832964435219765, 0.0831676572561264, -0.058414872735738754, 0.008688762784004211, 0.06865367293357849, 0.010808160528540611, 0.03547465428709984, -0.021249335259199142, -0.0621349923312664, -0.016293518245220184, 0.03150052949786186, -0.021823899820446968, 0.013795683160424232, 0.012457099743187428, 0.05312604829668999, 0.0009639586205594242, 0.015097579918801785, -0.07001874595880508, -0.0087396539747715, -0.0165629331022501, -0.006175260990858078, -0.017600907012820244, -0.06204322353005409, -0.01237385906279087, 0.006586047820746899, 0.03283320739865303, 0.03948669508099556, 9.988847887143493e-05, -0.058620259165763855, -0.06853672862052917, -0.02298629842698574, 0.004332482349127531, -0.0021023729350417852, -0.018267396837472916, 0.006512986030429602, 0.017071617767214775, 0.05729830265045166, -0.031803056597709656, 0.03397722542285919, -0.06710997968912125, -0.021476268768310547, -0.03986421599984169, -0.004833152983337641, 0.0019532330334186554, -0.03489583730697632, -0.033824242651462555, -0.09709310531616211, -0.03601811081171036, 0.024376459419727325, 0.01387541089206934, -0.006294837687164545, 0.0036257999017834663, -0.001038446556776762, 0.04623274505138397, 0.08458780497312546, 0.05058545619249344, 0.10147778689861298, -0.019992701709270477, 0.026449833065271378, 0.03592449799180031, 0.037785690277814865, -0.024472452700138092, -0.04322298616170883, 0.028705988079309464, 0.057349979877471924, -0.0292606670409441, 0.046138666570186615, -0.011954313144087791, -0.006602687295526266, -0.027062084525823593, -0.026841307058930397, 0.0007247161702252924, 0.03854738920927048, 0.011038875207304955, 0.0017330980626866221, 0.007811730727553368, -0.020504292100667953, -0.07078659534454346, -0.10019445419311523, -0.04485194385051727, 0.02472987212240696, 0.12263156473636627, 0.01250107865780592, -0.02651560679078102, 0.022397900000214577, 0.08562126010656357, -0.025612948462367058, -0.028429290279746056, -0.009745391085743904, 0.016161123290657997, -0.08913327753543854, 0.031336989253759384, 0.024151675403118134, 0.02711089700460434, -0.004621049854904413, 0.02530965767800808, -0.07099805772304535, -0.026740174740552902, 0.0038182521238923073, -0.03464663401246071, 0.0826963409781456, 0.013309845700860023, -0.0015399442054331303, 0.00494321109727025, -0.07625095546245575, 0.010283267125487328, 0.08454898744821548, -0.03285985812544823, 0.019496699795126915, -0.04806477949023247, 0.035303328186273575, -0.023392219096422195, 0.05286792293190956, 0.030774490907788277, -0.020916752517223358, 0.0009003410814329982, 0.04357132688164711, 0.005591079127043486, -0.0068274145014584064, 0.033069077879190445, 0.04694578796625137, 0.004559007007628679, 0.02794479764997959, -0.04930725693702698, -0.046504080295562744, 0.046273842453956604, -0.05510343238711357, 0.004672353621572256, 0.0193417239934206, 0.017425725236535072, -0.029370790347456932, -0.012809804640710354, 0.007449934724718332, -0.011774280108511448, 0.02271909825503826, -0.009254386648535728, 0.006585214752703905, -0.01843436062335968, -0.012767105363309383, -0.07803201675415039, -0.0061124530620872974, 0.011736457236111164, 0.03827347978949547, -0.13206450641155243, 0.014488446526229382, -0.052115436643362045, -0.011588013730943203, -0.029949704185128212, -0.030210379511117935, -0.04844661056995392, -0.049957770854234695, -0.04352851212024689, 0.0544683113694191, 0.02736196666955948, -0.007784566842019558, -0.02830289863049984, -0.0518425889313221, -0.03337041661143303, -0.00533915963023901, -0.011678485199809074, -0.024187810719013214, 0.02229980006814003, -0.011075366288423538, -0.041918735951185226, 0.015418034978210926, 0.042250294238328934, -0.0016233868664130569, 0.036070723086595535, -0.05612746253609657, 0.03628601133823395, -0.0020039749797433615, -0.02539779618382454, 0.019336579367518425, -0.018127935007214546, -0.019874684512615204, 0.017233125865459442, -0.025559213012456894, 0.10353682935237885, 0.030243348330259323, 0.13450635969638824, 0.05496646836400032, -0.0839582234621048, 0.02844930812716484, 0.01962359808385372, -0.015417435206472874, 0.06870569288730621, -0.0369609035551548, 0.02433890849351883, 0.013303322717547417, -0.059083543717861176, 0.060471538454294205, 0.01347137987613678, 0.020624812692403793, -0.03917115926742554, -0.054756294935941696, -0.022158244624733925, -0.011285693384706974, -0.030480733141303062, -0.022878414019942284, -0.0374215766787529, -0.031130706891417503, -0.09456141293048859, -0.015624135732650757, -0.003620447125285864, 0.012319552712142467, -0.06771703064441681, -0.006437783129513264, -0.03884490951895714, 0.01972213387489319, -0.00969612319022417, -0.017374852672219276, 0.005683176685124636, 0.050975553691387177, 0.08547218143939972, -0.028344079852104187, -0.015085285529494286, 0.05314707010984421, 0.003249897388741374, 0.017331203445792198, 0.010839241556823254, 0.008151163347065449, -0.014384529553353786, -0.026739684864878654, 0.022199133411049843, -0.035802170634269714, 0.002479151589795947, -0.022509675472974777, 0.03569269925355911, 0.04940806329250336, -0.03578250855207443, 0.005124043673276901, 0.03257450461387634, -0.04818622022867203, -0.022494295611977577, 0.0048441207036376, -0.06466731429100037, -0.003588653402402997, 0.0018111021490767598, 0.013479427434504032, -0.023501591756939888, -0.0011156400432810187, -0.038390133529901505, 0.05719619244337082, 0.03778547793626785, 0.013002004474401474, -0.019794514402747154, 0.004008410964161158, 0.03640967980027199, -0.021186940371990204, -0.017428498715162277, 0.05854964256286621, 0.05914594605565071, 0.009950876235961914, 0.03913017362356186, -0.0019549201242625713, 0.06773354858160019, -0.018558351323008537, 0.00312784337438643, 0.02660033106803894, -0.028571734204888344, 0.04576481506228447, -0.0013671769993379712, 0.003382327500730753, 0.04013806954026222, -0.05940527468919754, 0.006659306585788727, -0.06389348953962326, -0.025950340554118156, 0.03264397382736206, -0.053951799869537354, -0.01715737208724022, 0.02620183490216732, 0.020506180822849274, -0.0066769178956747055, 0.00479353591799736, -0.03170844167470932, 0.00012703053653240204, 0.021781861782073975, 0.01648409478366375, 0.04697735980153084, -0.051145896315574646, 0.07687708735466003, -0.00437210826203227, 0.018280476331710815, -0.049261126667261124, -0.04887256398797035, 0.06538315117359161, 0.034219056367874146, -0.03827231004834175, 0.03571772947907448, 0.020001966506242752, 0.035449326038360596, 0.007783275097608566, -0.04395873099565506, -0.01213296502828598, -0.02951394021511078, 0.042188744992017746, 0.024400999769568443, 0.005550851579755545, -0.0015682565281167626, 0.03504402935504913, -0.04081883281469345, 0.017898311838507652, -0.027162177488207817, 0.009227283298969269, -0.075456902384758, -0.07134903222322464, 0.015249584801495075, 0.027783604338765144, 0.039282046258449554, 0.07434097677469254, -0.006519055925309658, -0.025729551911354065, 0.015206524170935154, -0.010518670082092285, -0.004144583363085985, 0.03826119005680084, 0.026225799694657326, -0.04585079848766327, -0.016812389716506004, 0.008393180556595325, 0.007709711790084839, -0.0007389512611553073, 0.0018731988966464996, -0.004833395127207041, -0.025279318913817406, -0.03123660944402218, 0.0036837041843682528, 0.009533379226922989, -0.029120849445462227, -0.0015713237226009369, -0.04476913809776306, 0.00827005971223116, -0.02282588928937912, 0.001810165704227984, -0.008016500622034073, 0.026594458147883415, 0.008836287073791027, -0.01589992456138134, -0.03481436148285866, 0.01668832264840603, -0.011794754303991795, -0.06773669272661209, -0.030191821977496147, -0.008846314623951912, 0.005896904971450567, -0.01763264089822769, -0.0027329656295478344, -0.004288582131266594, 0.014428510330617428, 0.026700781658291817, 0.027209628373384476, -0.030424226075410843, 0.0035352720879018307, 0.005550915841013193, 0.012620150111615658, 0.001574598834849894, -0.07188156992197037, 0.010783271864056587, 0.05762016400694847, 0.0500425323843956, -0.021439623087644577, 0.04301488399505615, -0.02838662639260292, -0.0042371321469545364, 0.026519550010561943, 0.024057971313595772, -0.035956911742687225, -0.0007606567232869565, -0.03986164182424545, -0.045330122113227844, 0.026085298508405685, 0.014264317229390144, 0.06210467591881752, -0.0919622853398323, 0.010983438231050968, 0.008719244040548801, -0.03590582683682442, -0.03756650164723396, -0.03615498170256615, 0.03607603535056114, -0.07548419386148453, 0.038855768740177155, -0.03599679097533226, -0.014743960462510586, 0.0029098577797412872, 0.041742466390132904, -0.030035657808184624, 0.033635761588811874, -0.022289667278528214, 0.020580463111400604, -0.049869880080223083, 0.0020983610302209854, -0.005891028791666031, -0.046918340027332306, -0.08824673295021057, -0.01995939202606678, -0.009578847326338291, 0.02772015519440174, 0.0254703126847744, 0.03714844211935997, 0.016497401520609856, 0.03383205085992813, -0.05523527041077614, 0.04652750492095947, 0.03087737411260605, -0.03354353457689285, 0.014962776564061642, 0.007699683308601379, 0.05517033487558365, 0.00881888996809721, -0.010582288727164268, 0.003958951681852341, 0.014506440609693527, 0.04074220731854439, 0.025954797863960266, 0.0387842133641243, 0.006267881020903587, -0.09012150764465332, 0.038204263895750046, 0.009271480143070221, 0.028888704255223274, 0.06724356859922409, 0.03784221410751343, -0.0480518564581871, -0.018471403047442436, -0.048189677298069, 0.03966274857521057, 0.014130889438092709, 0.06343559920787811, -0.01302779745310545, -0.042701948434114456, -0.005346538033336401, 0.046872127801179886, 0.023486582562327385, 0.008124172687530518, -0.03659607842564583, -0.015568649396300316, 0.01761520653963089, -0.040633611381053925, 0.022216051816940308, 0.04152793809771538, 0.008198589086532593, 0.02781575359404087, 0.022215869277715683, -0.04818282276391983, -0.07029052078723907, 0.05047352984547615, -0.06039229780435562, 0.010277461260557175, -0.05977164953947067, -0.012079471722245216, -0.08020931482315063, -0.029964055866003036, -0.013821043074131012, -0.04103538393974304, 0.023409061133861542, -0.01840951293706894, 0.04612841084599495, -0.025147531181573868, 0.0235735010355711, -0.08350677788257599, 0.02845783717930317, -0.010998979210853577, 0.015375176444649696, 0.003856457071378827, 0.0055514429695904255, -0.03918331488966942, 0.02050977572798729, 0.008780745789408684, -0.011847158893942833, -0.04189583286643028, -0.05581635609269142, 0.018063364550471306, 0.026557613164186478, 0.05933390557765961, -0.04699460417032242, 0.011434310115873814, -0.007495776750147343, -0.032314930111169815, -0.022063734009861946, -0.010747643187642097, -0.04817131534218788, -0.015331431291997433, -0.01166296936571598, -0.009816705249249935, 0.0288851335644722, 0.02736085280776024, 0.07040154188871384, 0.013071581721305847, -0.04433220997452736, 0.002709237625822425, -0.043917033821344376, -0.011330610141158104, 0.05395208299160004, 0.02951962873339653, -0.027805158868432045, 0.007236111909151077, 0.04958059638738632, 0.0025540448259562254, -0.023113416507840157, 0.010695576667785645, -0.013871019706130028, -0.051890190690755844, 0.0011172216618433595, -0.019453803077340126, -0.035161931067705154, 0.016492173075675964, 0.016320498660206795, 0.00919316615909338, 0.03542439639568329, 0.00025939999613910913, 0.012431249022483826, -0.005011672619730234, 0.008857131004333496, 0.006814266555011272, -0.038306549191474915, 0.015460136346518993, -0.02758500911295414, -0.017710745334625244, -0.055827442556619644, 0.027063800022006035, -0.011562624014914036, 0.011438103392720222, -0.03878442198038101, -0.010784070938825607, 0.048427484929561615, -0.06355751305818558, 0.0021523437462747097, -0.01407554280012846, -0.02965116873383522, 0.043841347098350525, 0.058472514152526855, 0.010182755067944527, -0.021457336843013763, -0.05718524754047394, 0.03933963179588318, -0.019971078261733055, 0.0309403445571661, 0.026722082868218422, -0.02490854077041149, -0.02353595942258835, 0.015371725894510746, 0.030514126643538475, 0.04362120479345322, -0.026324760168790817, -0.05564498156309128, 0.028091806918382645, -0.037563081830739975, -0.012369783595204353, 0.0002708427782636136, -0.008401107043027878, 0.02749709039926529, 0.005080858711153269, 0.02565700374543667, -0.04266481101512909, -0.0044636656530201435, 0.03950192779302597, -0.005800341255962849, -0.019313879311084747, 0.02342337742447853, 0.03704051300883293, 0.024091403931379318, -0.017778581008315086, -0.005098101682960987, 0.018551673740148544, 0.03372131660580635, 0.02455778419971466, -0.05601320415735245, 0.01702069118618965, -0.030414307489991188, -0.008001239039003849, 0.007856512442231178, 0.021351737901568413, -0.008275896310806274, -0.029277414083480835, -0.07054030150175095, -0.0219968780875206, 0.018667399883270264, -0.0232678335160017, -0.06347831338644028, -0.013058979995548725, -0.028445055708289146, 0.007543997839093208, 0.02307829260826111, -0.047041550278663635, -0.007963080890476704, -0.004346882458776236, -0.021920908242464066, -0.02789611928164959, 0.019716445356607437, -0.04405946657061577, -0.022571636363863945, 0.028534583747386932, 0.014270476996898651, 0.041601866483688354, -0.01674591936171055, -0.046597450971603394, -0.05566689744591713, 0.022779909893870354, -0.03699237480759621, -0.01503552496433258, -0.018786637112498283, -0.02488616481423378, -0.03625534102320671, 0.06352214515209198, 0.046336833387613297, 0.016381269320845604, -0.031215520575642586, 0.0606849379837513, -0.07511318475008011, -0.032820697873830795, 0.03453920781612396, 0.013229927979409695, 0.006682031322270632, 0.046498410403728485, -0.005889466963708401, 0.04493072256445885, -0.0034533622674643993, 0.039354726672172546, -0.027621984481811523, -0.05810580402612686, 0.06426913291215897, 0.020133251324295998, -0.011505449190735817, -0.0661749318242073, 0.00044619612162932754, -0.013725146651268005, -0.07812337577342987, -0.049860626459121704, -0.0009078254224732518, -0.03531008958816528, -0.05237593874335289, -0.0322355218231678, -0.0350576676428318, 0.05743765830993652, -0.017451321706175804, 0.015240564942359924, 0.0600070022046566, 0.005035409703850746, -0.030134068801999092, 0.040264856070280075, 0.03745555505156517, 0.006684250198304653, -0.03546353057026863, -0.003642469644546509, 0.03934798017144203, -0.008252503350377083, 0.06706132739782333, -0.00922460202127695, -0.045277029275894165, 0.01410749088972807, -0.06154182180762291, 0.029703637585043907, 0.014666403643786907, -0.01669231615960598, -0.012034090235829353, 0.03406807407736778, 0.03221770003437996, -0.03990158438682556, -0.0036486450117081404, 0.022092120721936226, 0.023906271904706955, 0.052474699914455414, 0.028751228004693985, -0.031885746866464615, 0.02864770218729973, -0.033314500004053116, 0.04088585451245308, -0.010108553804457188, -0.00338728167116642, -0.007657963782548904, -0.014828062616288662, -0.03093479573726654, -0.026405716314911842, -0.003947963938117027, -0.005468746647238731, -0.01116164494305849, -0.07434917241334915, 0.03952205926179886, -0.05215010792016983, -0.03549913689494133, -0.019201116636395454, 0.020040007308125496, 0.015647411346435547, -0.03627900779247284, 0.009531610645353794, 0.00339885288849473, 0.038197580724954605, 0.04467257484793663, -0.04970607906579971, 0.04488837718963623, -0.05054294690489769, 0.01524805836379528, -0.02514309622347355, -0.09119604527950287, -0.02155573107302189, 0.01942014880478382, -0.007703644689172506, 0.016001267358660698, 0.014952429570257664, 0.04034364968538284, 0.007202355656772852, -0.03421836346387863, -0.037271708250045776, -0.04108152538537979, 0.051683228462934494, -0.04002228006720543, -0.0011439280351623893, -0.05077110230922699, 0.007204221095889807, -0.053157221525907516, -0.04664867743849754, 0.03756316378712654, -0.008285383693873882, 0.006429480388760567, 0.01662633568048477, -0.018689490854740143, -0.047181952744722366, 0.00040113076101988554, 0.0006328010349534452, -0.030814383178949356, -0.023897912353277206, 0.018946699798107147, 0.002540439134463668, -0.007537435740232468, -0.015210202895104885]",./aquastride_images/aquastride_company.pdf_4.png,"Here's the extracted text content from the image:

AquaStride Limited Warranty Policy
AquaStride stands behind the quality and craftsmanship of our innovative footwear. We offer a limited warranty to protect you against manufacturing defects and ensure your satisfaction with your AquaStride purchase.

What is Covered:
This limited warranty covers defects in materials and workmanship for a period of one (1) year from the date of original purchase. The warranty applies to the following components of AquaStride shoes:
* Uppers: Any defects in the stitching, bonding, or materials used in the upper portion of the shoe, including mesh, synthetic overlays, and leather (if applicable).
* Midsole: Any defects in the cushioning material, support structures, or bonding within the midsole of the shoe.
* Heel Counter: Any defects in the heel counter's structure, stitching, or bonding.
* Insoles: Any defects in the materials or construction of the removable insoles.
* Hardware: Any defects or damage in the eyelets, hooks, buckles, or other metal or plastic hardware used in the shoe's closure system.

What is NOT Covered:
This limited warranty does NOT cover the following:
* Normal Wear and Tear: Expected wear and tear resulting from regular use, including fading of colors, abrasion of materials, and compression of cushioning.
* Accidental Damage: Damage caused by accidents, improper use, or misuse of the shoes, including cuts, punctures, burns, or excessive exposure to chemicals.

Ready to Experience the Extraordinary?
Visit our website or your nearest AquaStride retailer to discover the future of footwear.
The provided image contains a warranty policy document, which is structured with headings and bullet points, but it does not contain a table.

Here's the extracted content, maintaining its original structure:

**AquaStride Limited Warranty Policy**
AquaStride stands behind the quality and craftsmanship of our innovative footwear. We offer a limited warranty to protect you against manufacturing defects and ensure your satisfaction with your AquaStride purchase.

**What is Covered:**
This limited warranty covers defects in materials and workmanship for a period of one (1) year from the date of original purchase. The warranty applies to the following components of AquaStride shoes:
*   **Uppers:** Any defects in the stitching, bonding, or materials used in the upper portion of the shoe, including mesh, synthetic overlays, and leather (if applicable).
*   **Midsole:** Any defects in the cushioning material, support structures, or bonding within the midsole of the shoe.
*   **Heel Counter:** Any defects in the heel counter's structure, stitching, or bonding.
*   **Insoles:** Any defects in the materials or construction of the removable insoles.
*   **Hardware:** Any defects or damage in the eyelets, hooks, buckles, or other metal or plastic hardware used in the shoe's closure system.

**What is NOT Covered:**
This limited warranty does NOT cover the following:
*   **Normal Wear and Tear:** Expected wear and tear resulting from regular use, including fading of colors, abrasion of materials, and compression of cushioning.
*   **Accidental Damage:** Damage caused by accidents, improper use, or misuse of the shoes, including cuts, punctures, burns, or excessive exposure to chemicals.

Ready to Experience the Extraordinary?
Visit our website or your nearest AquaStride retailer to discover the future of footwear."
ec3ee88c-604f-467a-897c-b0a5ab6fe725,"[-0.05410408601164818, -0.010229540057480335, 0.004919248633086681, -0.05571328476071358, -0.008500761352479458, 0.036328621208667755, 0.0204925499856472, 0.010652885772287846, 0.029399588704109192, -0.028435036540031433, 0.01085897721350193, 0.01700505055487156, -0.015593250282108784, -0.0011566905304789543, 0.009367496706545353, 0.02939422056078911, 0.04533888399600983, -0.05532475560903549, -0.037612106651067734, -0.03114083968102932, 0.024816449731588364, 0.034903354942798615, -0.016853755339980125, -0.03440931439399719, -0.013064678758382797, -0.022941526025533676, 0.004959309473633766, -0.028475653380155563, -0.04412490501999855, 0.012624552473425865, 0.015797603875398636, -0.04720593988895416, 0.021924810484051704, -0.024463646113872528, -0.008615764789283276, -0.012329427525401115, 0.03043035976588726, -0.012730016373097897, -0.008362221531569958, 0.025628816336393356, 0.019118208438158035, -0.010522349737584591, 0.08247020840644836, -0.04512958601117134, -0.007209796458482742, 0.06478828191757202, 0.020225273445248604, 0.04431989789009094, -0.035648223012685776, -0.08347766846418381, -0.03582807630300522, 0.032595016062259674, 0.003456178354099393, 0.012404324486851692, -0.002685133134946227, 0.10269132256507874, 0.0034223489928990602, 0.0058572678826749325, -0.05272579565644264, 0.008724701590836048, 0.0008344578091055155, -0.007584571838378906, -0.004690454341471195, -0.042776647955179214, -0.010510190390050411, -0.008309067226946354, 0.018525615334510803, 0.03848987817764282, -0.007710297126322985, -0.07353192567825317, -0.0935521051287651, 0.012713344767689705, -0.0012978401500731707, -0.01122491154819727, -0.025141920894384384, 0.04405098035931587, 0.01738917827606201, 0.0699363723397255, 0.018740633502602577, 0.0190439336001873, -0.04153605177998543, 0.012751385569572449, -0.06451384723186493, 0.02687653712928295, 0.011822380125522614, -0.03648374602198601, -0.033663731068372726, -0.10264056921005249, -0.0711335763335228, 0.008070530369877815, -0.0008262810297310352, -0.0114893214777112, -0.02081150747835636, 0.00015533232362940907, 0.028062550351023674, 0.05396901071071625, 0.05448223650455475, 0.12134804576635361, -0.04570363089442253, 0.043342474848032, 0.024293549358844757, 0.013424735516309738, -0.012418684549629688, -0.02788754738867283, 0.007771139498800039, 0.06904478371143341, -0.06000697985291481, 0.026595843955874443, 0.020391864702105522, -0.029455367475748062, -0.017039069905877113, -0.051019087433815, -0.00222710776142776, 0.014103914611041546, 0.003717598970979452, 0.00037679457454942167, -0.00698360800743103, -0.026217585429549217, -0.057649265974760056, -0.09941182285547256, -0.046166907995939255, 0.022478897124528885, 0.10712026059627533, 0.0376153364777565, -0.016265396028757095, 0.05770616978406906, 0.04982646927237511, -0.03163076192140579, -0.008797255344688892, 0.010654028505086899, 0.009854389354586601, -0.05722321569919586, 0.036651045083999634, 0.04457934573292732, 0.03554799407720566, -0.045203059911727905, 0.012571190483868122, -0.10437498241662979, -0.02475849911570549, 0.015177678316831589, -0.05062629282474518, 0.06182745099067688, 0.014065717346966267, 0.03062257170677185, -0.01779196411371231, -0.08719184994697571, 0.016434255987405777, 0.08529882878065109, 0.0065618837252259254, 0.010467909276485443, -0.041711896657943726, 0.04132872819900513, -0.020913386717438698, 0.03581760451197624, 0.040829747915267944, -0.0026829761918634176, 0.03806556016206741, 0.020619666203856468, -0.007307511754333973, -0.02789626456797123, 0.05385154113173485, 0.0439545214176178, -0.04059772193431854, 0.02149340696632862, -0.023813527077436447, -0.05254285782575607, 0.04455800727009773, -0.03526516631245613, 0.012203007936477661, -0.003002601908519864, 0.04201940447092056, -0.012225629761815071, -0.041759636253118515, 0.001280411728657782, -0.04053925722837448, -0.0004591298056766391, -0.02835026942193508, -0.019212884828448296, -0.014839895069599152, -0.03776732459664345, -0.060559339821338654, -0.013283365406095982, 0.018212731927633286, 0.03743698075413704, -0.11886638402938843, 0.01690644398331642, -0.04539300128817558, -0.01598013937473297, -0.00905811507254839, -0.026503335684537888, -0.050633322447538376, -0.03740331158041954, -0.027645817026495934, 0.03499303013086319, -0.004882847424596548, -0.0072213211096823215, -0.019747238606214523, -0.011799383908510208, -0.04687820002436638, -0.002518101828172803, -0.000442606775322929, 0.0041791293770074844, 0.007532618008553982, -0.012174218893051147, -0.04546232521533966, 0.014384083449840546, 0.051670417189598083, 0.005418788176029921, 0.013243961147964, -0.06212187185883522, 0.019959168508648872, -0.006502393167465925, -0.024426359683275223, -0.010859726928174496, -0.02889607846736908, -0.06434500217437744, -0.003741446416825056, -0.028846578672528267, 0.10793940722942352, 0.012467803433537483, 0.10622323304414749, 0.037590593099594116, -0.04837335646152496, 0.025393307209014893, 0.026702923700213432, 0.002967716194689274, 0.033834997564554214, -0.044643230736255646, 0.04849926754832268, 0.009458029642701149, -0.043711233884096146, 0.058148838579654694, 0.007319038733839989, 0.01658947393298149, -0.027817633002996445, -0.06109949201345444, -0.019468490034341812, 0.021117376163601875, -0.05546930059790611, -0.01860310323536396, -0.041766416281461716, -0.02761145494878292, -0.0753413587808609, -0.005723903886973858, -0.0028980488423258066, -0.014752103015780449, -0.08140232414007187, 0.03858529031276703, -0.012816369533538818, -0.005911059677600861, -0.009858342818915844, 0.0008583228336647153, 0.03482978045940399, 0.05837322399020195, 0.0673956498503685, -0.025572093203663826, 0.005972617771476507, 0.039765726774930954, 0.014506803825497627, 0.018764972686767578, 0.01245471928268671, -0.0044295587576925755, 0.0065099154599010944, -0.01544793788343668, 0.011211458593606949, -0.03712707385420799, -0.015223122201859951, -0.04082345962524414, 0.04537123069167137, 0.028147712349891663, -0.051193252205848694, 0.002692560665309429, 0.06961480528116226, -0.033309366554021835, -0.01730392873287201, -0.010227864608168602, -0.03141114488244057, -0.013890490867197514, 0.005461255554109812, 0.02749970182776451, 0.004198124632239342, 0.004344033543020487, -0.005025103222578764, 0.08279241621494293, 0.043357785791158676, 0.0013017384335398674, -0.002555396407842636, 0.012663623318076134, 0.0323617085814476, -0.027012238278985023, 0.023822741582989693, 0.06511764228343964, 0.0646660104393959, 0.02984018437564373, 0.04094487428665161, -0.013351057656109333, 0.03894723206758499, -0.02961668372154236, -0.014454681426286697, 0.016229143366217613, -0.03874747455120087, 0.02827920950949192, -0.003272834001109004, -0.013670260086655617, 0.0715436190366745, -0.06140902638435364, 0.008024479262530804, -0.03888643532991409, -0.003871072316542268, 0.003653537016361952, -0.01619355008006096, -0.024790670722723007, -0.007594249211251736, 0.008309452794492245, -0.03010612167418003, -0.0033911308273673058, -0.0013024848885834217, -0.01711626909673214, 0.021921271458268166, 0.04348566010594368, 0.053806040436029434, -0.04120059311389923, 0.061772722750902176, 0.027493158355355263, 0.01108959037810564, -0.05282995104789734, -0.013075703755021095, 0.03444211557507515, 0.03638342767953873, -0.01657625287771225, 0.007862759754061699, 0.02518264763057232, 0.01910698413848877, -0.015336592681705952, -0.008656613528728485, 0.0005113629158586264, -0.02519194781780243, 0.06511110812425613, 0.046989861875772476, -0.011234237812459469, -0.020060908049345016, 0.0426856204867363, -0.052014611661434174, 0.02418157458305359, -0.01883627660572529, -0.014490518718957901, -0.07848087698221207, -0.05324104055762291, -0.0057831681333482265, 0.01897420920431614, 0.0327882282435894, 0.07069827616214752, -0.035327985882759094, -0.03639433532953262, 0.019254935905337334, -0.017113668844103813, -0.005468532908707857, 0.03687058761715889, 0.019373800605535507, -0.059286054223775864, -0.013114720582962036, 0.0536336749792099, -0.011898582801222801, -0.012282386422157288, 0.0030167473014444113, -0.004052329808473587, -0.030947480350732803, -0.02234438993036747, 0.012240570969879627, 0.0023108927998691797, -0.041800275444984436, 0.0129685178399086, -0.03910110145807266, 0.0037152396980673075, -0.0023092892952263355, -0.0027053006924688816, -0.003376764478161931, 0.030704069882631302, 0.006280676461756229, 0.000978616764768958, -0.009011710062623024, -0.001295137102715671, 0.004195170942693949, -0.05513295903801918, -0.01649172231554985, 0.023805614560842514, 0.042940977960824966, 0.027972297742962837, -0.012794853188097477, -0.01431543380022049, -0.004283174406737089, 0.009067028760910034, 0.0010132038732990623, -0.057534296065568924, -0.01209989283233881, 0.0072168768383562565, -0.015631426125764847, -0.019809547811746597, -0.06691178679466248, -0.00824838038533926, 0.04763974994421005, 0.04823198541998863, -0.037667494267225266, 0.006707087159156799, -0.0034784863237291574, -0.03109915181994438, 0.03651256114244461, 0.036912016570568085, -0.005180420354008675, -0.016016988083720207, -0.021016038954257965, -0.05757732316851616, 0.028085730969905853, 0.023105166852474213, 0.07196217030286789, -0.06191648170351982, 0.006103754509240389, 0.03481638804078102, 0.0020648958161473274, -0.05457308143377304, -0.04674476012587547, 0.055851928889751434, -0.06093670427799225, -0.0026841149665415287, -0.041002076119184494, -0.03495289757847786, -0.014224916696548462, 0.017388952895998955, 0.002598858205601573, 0.052671898156404495, -0.049392521381378174, 0.02311810851097107, -0.0473397858440876, 0.005913666449487209, -0.012985429726541042, -0.047928426414728165, -0.07781343162059784, -0.0031252021435648203, -0.004774003755301237, 0.004588772542774677, 0.0042640711180865765, 0.047273021191358566, 0.0019699817057698965, 0.06126632168889046, -0.0334557443857193, 0.007492378354072571, 0.02204888127744198, -0.044043514877557755, 0.02092989720404148, 0.024740885943174362, 0.01645364984869957, 0.002620741492137313, -0.02349030412733555, 0.010802431963384151, 0.014126806519925594, 0.053257886320352554, -0.005331275053322315, 0.05196462944149971, -0.006058999802917242, -0.09498465806245804, 0.013212618418037891, 0.029700201004743576, 0.009901687502861023, 0.06941932439804077, 0.05810001865029335, -0.0559702143073082, 0.005051988642662764, -0.06499522179365158, 0.025394849479198456, -0.005727790296077728, 0.05809295177459717, 0.007899906486272812, -0.04345759004354477, 0.031822942197322845, 0.012931534089148045, 0.02852136641740799, -0.018838895484805107, -0.02753767929971218, -0.001042989082634449, 0.019784679636359215, -0.025042708963155746, 0.009645509533584118, 0.029895806685090065, 0.0017530316254124045, 0.02758799120783806, 0.013273126445710659, -0.024142930284142494, -0.032838914543390274, 0.04114168509840965, -0.03827375918626785, -0.007706592325121164, -0.05618477612733841, 0.0029526015277951956, -0.08441098034381866, -0.031460098922252655, -0.007012517191469669, -0.03886030241847038, 0.02421805076301098, -0.01256685983389616, 0.029248716309666634, -0.01977410726249218, 0.03736305609345436, -0.08431204408407211, 0.04065660759806633, -0.03320792689919472, -0.004112355411052704, -0.007339627016335726, -0.002817356726154685, -0.03818586468696594, 0.015202865935862064, -0.005704883951693773, -0.01794131100177765, -0.0537443533539772, -0.07093188911676407, -0.0005051195621490479, 0.029278060421347618, 0.08038560301065445, -0.026399686932563782, 0.0027734078466892242, 0.036359142512083054, -0.02197258546948433, 0.009305736050009727, 0.007678099907934666, -0.05752357468008995, 0.018474474549293518, -0.00871457252651453, -0.014224275946617126, 0.007727958261966705, 0.029324473813176155, 0.07195457071065903, -0.012934290803968906, -0.04756983369588852, 0.016522614285349846, -0.08728781342506409, 0.024709004908800125, 0.03394151106476784, 0.05108349397778511, -0.047649968415498734, 0.04571451246738434, 0.04923234134912491, -0.01098599098622799, -0.01771404966711998, -0.004631395917385817, -0.017871014773845673, -0.058744195848703384, 0.0029165439773350954, -0.02999812737107277, -0.031500767916440964, 0.01901792176067829, 0.02493436448276043, 0.018542291596531868, 0.028504658490419388, -0.012711991555988789, 0.0013086397666484118, -0.027335794642567635, 0.038612984120845795, -0.006643261760473251, -0.03011184372007847, -0.009374924004077911, 0.006991421338170767, -0.008263763971626759, -0.043599486351013184, 0.04545605555176735, 0.01271979883313179, 0.0035137541126459837, -0.03313905745744705, -0.012315395288169384, 0.054006703197956085, -0.04510476812720299, -0.018909208476543427, -0.008263234980404377, -0.00917053408920765, 0.028196433559060097, 0.04260256141424179, 0.004058300517499447, -0.05170297622680664, -0.05465824902057648, 0.028926128521561623, -0.023879600688815117, 0.016951875761151314, 0.03358705714344978, -0.038638368248939514, -0.0046426341868937016, -0.0035158509854227304, 0.012557431124150753, 0.028134992346167564, -0.038058362901210785, -0.024922333657741547, 0.03809962421655655, -0.04171210527420044, -0.037735465914011, -0.0037682787515223026, -0.009702065028250217, 0.06698940694332123, 0.022036518901586533, 0.015323594212532043, -0.06487643718719482, 0.0066836015321314335, 0.06075751781463623, -0.013026248663663864, -0.012323047965765, 0.021954800933599472, 0.02360602840781212, 0.029979756101965904, -0.024730859324336052, -0.01779734529554844, 0.0013374661793932319, 0.04919803887605667, 0.04091375693678856, -0.03891843929886818, 0.018457001075148582, -0.035282157361507416, 0.004779967945069075, 0.014180543832480907, -0.006038116291165352, 0.016340283676981926, -0.017366008833050728, -0.07799191027879715, -0.016421308740973473, 0.045757729560136795, -0.02382602170109749, -0.02963191457092762, -0.005500934552401304, 0.013603165745735168, -0.027546338737010956, 0.001674328581430018, -0.04585905000567436, -0.006120661739259958, -0.03410519286990166, -0.04006229713559151, -0.0342869758605957, 0.008278180845081806, -0.04918549582362175, -0.01834224909543991, -0.02319731004536152, 0.02478310838341713, 0.025099128484725952, -0.008774323388934135, -0.07576536387205124, -0.05472484976053238, 0.011303710751235485, -0.05269429087638855, 0.01483468059450388, -0.004448303487151861, -0.01836286671459675, -0.01210206001996994, 0.07600228488445282, 0.028795020654797554, 0.012308233417570591, -0.035249996930360794, 0.012018634006381035, -0.06841801106929779, -0.024562641978263855, 0.03901509568095207, 0.0314553901553154, 0.0034028212539851665, 0.05997905135154724, 0.008243865333497524, 0.05766276642680168, -0.026883244514465332, 0.056892503052949905, -0.0239536315202713, -0.04992181435227394, 0.050503987818956375, 0.038868021219968796, -0.020561212673783302, -0.028851019218564034, -0.011127818375825882, -0.0454305037856102, -0.06512899696826935, -0.030415255576372147, -0.01796758361160755, -0.07500263303518295, -0.05921630561351776, -0.01327462773770094, -0.04200020805001259, 0.04062133654952049, -0.006135291885584593, -0.01737971045076847, 0.04963674023747444, -0.019985336810350418, 0.017853600904345512, 0.06612184643745422, 0.05556608736515045, 0.000855639111250639, -0.0795912817120552, -0.008517563343048096, 0.014350400306284428, -0.0006417325348593295, 0.08155255019664764, -0.01645122468471527, -0.03427458181977272, 0.02794761024415493, -0.05160905420780182, 0.022680988535284996, -0.005251025781035423, -0.00986150000244379, -0.03957032784819603, 0.027530154213309288, 0.026217356324195862, -0.05287497118115425, -0.013794830068945885, 0.03042999468743801, 0.010617553256452084, 0.04950666055083275, 0.03478075936436653, -0.01651921309530735, 0.01668477989733219, -0.008289902471005917, 0.02292025089263916, 0.019602976739406586, -0.01463820319622755, 0.002265334129333496, -0.0034022480249404907, -0.023884715512394905, -0.0013758753193542361, -0.015510980039834976, -0.014877351932227612, -0.021131277084350586, -0.06935743987560272, 0.053056810051202774, -0.03816171735525131, -0.025565266609191895, -0.024295473471283913, 0.03450397029519081, 0.026962008327245712, -0.024897500872612, 0.03564118221402168, -0.01996087282896042, 0.03838588669896126, 0.05768326669931412, -0.04390675202012062, 0.03104487434029579, -0.05021228268742561, -0.00016975559992715716, -0.04666338488459587, -0.0921526700258255, -0.013380905613303185, 0.007953990250825882, -0.021649101749062538, -0.005344406235963106, 0.008679809048771858, 0.016176622360944748, 0.003462381660938263, -0.03047274425625801, -0.002293637488037348, -0.04622338339686394, 0.059852275997400284, -0.03604971617460251, -0.04593494161963463, -0.04609837755560875, -0.004216921981424093, -0.059109121561050415, -0.043805819004774094, 0.049914099276065826, -0.010299074463546276, 0.013959713280200958, 0.00857610534876585, -0.003697384847328067, -0.011873374693095684, 0.02697262540459633, 0.034806784242391586, -0.035632748156785965, -0.017953095957636833, 0.010783039964735508, -0.0069968365132808685, -0.029739420861005783, -0.005206762347370386]",./aquastride_images/aquastride_company.pdf_5.png,"• Improper Care: Damage resulting from failure to follow the care instructions provided with the shoes.
• Alterations: Any modifications or alterations made to the shoes by anyone other than AquaStride.
• Laces: Wear and tear or damage to the laces.
• Tongue: Damage or defects to the tongue of the shoe, including stitching, padding, or logo.
• Sole: Any issues with the outsole, including tread wear, separation from the upper, or punctures.

aquastride

Ready to Experience the Extraordinary?
Visit our website or your nearest AquaStride retailer to discover the future of footwear.
```json
[
  {
    ""header"": [
      ""Category"",
      ""Description""
    ],
    ""rows"": [
      [
        ""Improper Care"",
        ""Damage resulting from failure to follow the care instructions provided with the shoes.""
      ],
      [
        ""Alterations"",
        ""Any modifications or alterations made to the shoes by anyone other than AquaStride.""
      ],
      [
        ""Laces"",
        ""Wear and tear or damage to the laces.""
      ],
      [
        ""Tongue"",
        ""Damage or defects to the tongue of the shoe, including stitching, padding, or logo.""
      ],
      [
        ""Sole"",
        ""Any issues with the outsole, including tread wear, separation from the upper, or punctures.""
      ]
    ]
  }
]
```"
fae01cb4-1e32-4b64-bc0c-785005ff935f,"[-0.024415504187345505, 0.009722166694700718, -0.029379699379205704, 0.026369448751211166, -0.01565401814877987, 0.01641033962368965, -0.0011790026910603046, 0.010474298149347305, 0.0008390447474084795, 0.020432105287909508, -0.0745500922203064, -0.009613369591534138, -7.605536666233093e-05, -0.03690837696194649, -0.01920139789581299, 0.06446235626935959, 0.09708311408758163, -0.07511936128139496, -0.01760675385594368, -0.006768807303160429, 0.017192138358950615, -0.02106567658483982, -0.058570630848407745, -0.026986753568053246, -0.009521545842289925, -0.0580117404460907, -0.026896629482507706, 0.016402989625930786, -0.005172331817448139, 0.03985525667667389, 0.03345556557178497, -0.03957695886492729, -0.0012750938767567277, -0.018014218658208847, -0.000281137996353209, -0.0199242252856493, 0.02244132198393345, 0.00024824548745527864, 0.027277879416942596, -0.015560006722807884, 0.01834964007139206, -0.07886984944343567, 0.053771186619997025, -0.003542301943525672, -0.03569621965289116, 0.06449021399021149, -0.019730618223547935, -0.03271109610795975, -0.02104121632874012, -0.08734168112277985, 0.07978128641843796, 0.04688171669840813, -0.0271215308457613, -0.005957710091024637, 0.03553211688995361, 0.06656941771507263, -0.01825021766126156, -0.053334835916757584, -0.04115463048219681, 0.01279012206941843, 0.020080557093024254, -0.0009702910901978612, -0.002822781214490533, 0.04075169190764427, -0.050934527069330215, 0.004051667638123035, 0.016996141523122787, 0.010191895999014378, -0.0025107157416641712, -0.05906231328845024, -0.04277471452951431, -0.04135970398783684, -0.01497670542448759, 0.03268057107925415, -0.03955011069774628, -0.039271097630262375, 0.028916282579302788, 0.0031374625395983458, 0.0253222044557333, 0.0028734186198562384, -0.047882504761219025, -0.030368449166417122, -0.032683029770851135, 0.06973502784967422, 0.03431384265422821, -0.05910355597734451, -0.06905794143676758, -0.047570642083883286, -0.023829547688364983, -0.03171538561582565, 0.0035484260879456997, -0.03997720032930374, -0.04698919132351875, -0.033353403210639954, -0.005063782911747694, 0.04617547616362572, -0.008090340532362461, 0.10573823750019073, 0.006575706880539656, 0.04880799725651741, 0.020756131038069725, 0.0027862151619046926, 0.014982186257839203, -0.04684433713555336, 0.06100502982735634, 0.012829730287194252, -0.07357458770275116, -0.014857204630970955, 0.018303222954273224, -0.006098113488405943, -0.08085034042596817, -0.014820379205048084, -0.03046620450913906, 0.051428016275167465, 0.031036077067255974, 0.030502811074256897, -0.042370155453681946, -0.0452556237578392, -0.08427063375711441, -0.0781402513384819, -0.03797639161348343, 0.017447153106331825, 0.06010210141539574, 0.0016576319467276335, -0.05228542909026146, 0.0016674185171723366, 0.059173841029405594, 0.02397693134844303, -0.0010801563039422035, -0.01236101146787405, -0.01984556019306183, -0.05986732989549637, 0.04176715016365051, 0.03255216032266617, 0.018338387832045555, -0.03406734764575958, -0.06301514804363251, -0.008933917619287968, 0.017525793984532356, 0.040061045438051224, 0.020481621846556664, 0.033305905759334564, 0.02555936388671398, 0.026539796963334084, 0.003818229306489229, -0.08215364068746567, -0.01924285478889942, 0.031230252236127853, 0.03721127659082413, -0.018280379474163055, -0.07412883639335632, 0.07586000859737396, -0.039591554552316666, 0.03242897242307663, 0.029397813603281975, -0.03927726671099663, -0.024439752101898193, -0.012843143194913864, 0.04367946460843086, -0.02733447588980198, -0.018325189128518105, 0.009419135749340057, 0.0032161588314920664, 0.054727692157030106, 0.023578081279993057, -0.020748261362314224, 0.05354679748415947, 0.0061338311061263084, -0.011318646371364594, 0.02206812985241413, -0.008158820681273937, -0.04263539984822273, -0.037940800189971924, 0.006818331778049469, 0.05000551789999008, 0.008768620900809765, 0.010886628180742264, -0.012332766316831112, 0.02147708274424076, -0.06889530271291733, -0.03318202123045921, 0.021056585013866425, 0.024677008390426636, 0.029536103829741478, -0.13369813561439514, 0.04571209102869034, -0.03241278976202011, -0.06073053181171417, -0.038985177874565125, 0.00798182561993599, -0.08145103603601456, -0.05263451486825943, 0.0019128008279949427, 0.041840508580207825, 0.00020881833916064352, 0.02412990853190422, 0.06533394753932953, -0.05677718669176102, -0.04949108511209488, 0.006030969321727753, -0.029114676639437675, -0.0024459802079945803, -0.00279290322214365, -0.04681655764579773, 0.005018541123718023, -0.06493215262889862, 0.014911009930074215, 0.014731860719621181, 0.020913783460855484, -0.031072981655597687, 0.06602788716554642, -0.018939940258860588, -0.021448027342557907, -0.010577194392681122, -0.06321357190608978, -0.04906401038169861, 0.007162145804613829, -0.02767786756157875, 0.04656679555773735, -0.01822255365550518, 0.04320085421204567, 0.04243976250290871, -0.07788939774036407, 0.03568241372704506, -0.0015279679792001843, -0.014986307360231876, 0.05216124653816223, -0.004712814465165138, 0.03291240707039833, 0.05517996475100517, -0.021414566785097122, 0.025601733475923538, -0.023784158751368523, 0.04553878679871559, -0.039993204176425934, 0.0007605812279507518, -0.03310275450348854, -0.018002254888415337, -0.08878300338983536, -0.002354926196858287, 0.017245104536414146, 0.02802968956530094, -0.03215384855866432, 0.03593793138861656, 0.012572194449603558, 0.023894814774394035, -0.0712224617600441, 0.10075453668832779, -0.05209485441446304, -0.016832616180181503, -0.01376486849039793, -0.0013419199967756867, -0.0282373558729887, -0.0012218622723594308, 0.050823189318180084, -0.009292328730225563, -0.02750544622540474, -0.005062971729785204, 0.011311336420476437, 0.01703677698969841, -0.0071593099273741245, 0.017852405086159706, 0.022342568263411522, -0.06222652271389961, 0.003985535819083452, -0.037434712052345276, -0.022486327216029167, -0.005713075399398804, -0.0212914627045393, 0.0029831347055733204, -0.041365429759025574, -0.008162214420735836, 0.011050336062908173, 0.010985338129103184, -0.0315396785736084, 0.01895465888082981, -0.08126915246248245, -0.027274111285805702, 0.024454083293676376, 0.049596987664699554, 0.0043795667588710785, -0.028920907527208328, -0.01773988828063011, 0.030726291239261627, -0.02813379094004631, -0.0003962139890063554, 0.016251249238848686, 0.056745246052742004, -0.004942378494888544, -0.03051377274096012, -0.005335681606084108, 0.0560937263071537, 0.03188011422753334, -0.06298306584358215, 0.0032746000215411186, 0.0006440170109272003, 0.04589112475514412, -0.015413518063724041, -0.014573800377547741, 0.0184360072016716, -0.023336350917816162, 0.009475823491811752, -0.03399723023176193, -0.011552691459655762, 0.011148319579660892, -0.028206519782543182, -0.04679969325661659, -0.009553449228405952, 0.0774659514427185, 0.002399272983893752, -0.001377507345750928, -0.014774108305573463, 0.03761103004217148, 0.020628992468118668, -0.05985070765018463, -0.022461386397480965, -0.011800742708146572, -0.020705774426460266, 0.030214155092835426, 0.0009245265391655266, -0.032293420284986496, -0.010879133827984333, 0.04781761020421982, -0.02080678381025791, 0.002465249039232731, -0.03420326113700867, 0.003669996978715062, 0.03313487023115158, 0.02772299200296402, -0.038807790726423264, 0.050579868257045746, 0.03473788872361183, 0.05520055815577507, 0.019350457936525345, -0.047377295792102814, -0.015377124771475792, 0.0358329638838768, 0.025142088532447815, -0.005914105102419853, -0.0037964547518640757, -0.012375341728329659, 0.04942040517926216, -0.06438907235860825, 0.008219572715461254, -0.034406308084726334, 0.02225128933787346, -0.0339379757642746, -0.0341300405561924, -0.015945913270115852, 0.008442185819149017, 0.023012328892946243, 0.04121953248977661, 0.0025724719744175673, -0.04073869809508324, 0.0305668655782938, -0.045513253659009933, -0.017034612596035004, 0.029633566737174988, 0.033098004758358, -0.039275527000427246, -0.025776326656341553, 0.046965423971414566, -0.020265916362404823, -0.033860426396131516, -0.041929103434085846, 0.01008048839867115, -0.03410264849662781, -0.05409266799688339, 0.01922762021422386, -0.019945159554481506, 0.004796606954187155, -0.000804966373834759, 0.0062852236442267895, -0.02562151476740837, -0.009326387196779251, -0.005051422398537397, -0.012231096625328064, -0.02767968364059925, 0.007937608286738396, 0.0031305053271353245, 0.0008836293127387762, -0.016414664685726166, -0.050118375569581985, 0.04121047630906105, -0.07005072385072708, 0.007301507983356714, 0.015041766688227654, 0.05318862199783325, -0.01485916506499052, -0.0056421514600515366, 0.00023794003936927766, 0.06272731721401215, 0.0542035810649395, -0.025357425212860107, 0.014924712479114532, -0.0033201335463672876, 0.007380914408713579, 0.051007047295570374, -0.027373304590582848, -0.02905850298702717, 0.03418264538049698, 0.03090260550379753, -0.03726600483059883, -0.009920227341353893, -0.01357223093509674, -0.03274807333946228, -0.011049553751945496, 0.0003852936497423798, 0.0070091416127979755, -0.002173852873966098, -0.02425556071102619, -0.040369123220443726, 0.035306502133607864, -0.0013752164086326957, 0.04729500412940979, -0.07776592671871185, 0.03378603234887123, -0.03430037200450897, -0.005582850426435471, -0.044892214238643646, -0.04106426611542702, 0.07621604949235916, 0.0150907589122653, -0.0001433593570254743, -0.022915873676538467, -0.038273852318525314, 0.03776531666517258, 0.030807984992861748, 0.05851880833506584, 0.02871452271938324, -0.059782449156045914, 0.04152307286858559, -0.03453518822789192, -0.009853933937847614, 0.038647912442684174, -0.0564013309776783, -0.020216679200530052, -0.01352141983807087, 0.017616547644138336, 0.020162271335721016, 0.008490829728543758, 0.02620423212647438, 0.010389206930994987, 0.005494528915733099, -0.017037183046340942, 0.034015756100416183, 0.07911694049835205, -0.047639790922403336, -0.013428766280412674, 0.032489292323589325, 0.02626032382249832, 0.049252234399318695, 0.02750515565276146, 0.0021402419079095125, -0.004766189493238926, 0.03259945660829544, 0.025613920763134956, -0.02510325238108635, -0.012951754033565521, -0.08137068152427673, 0.01309203915297985, 0.046081047505140305, 0.02649245783686638, 0.02574346959590912, 0.05165593698620796, -0.055541157722473145, -0.06780730187892914, -0.0681113749742508, 0.019846472889184952, 0.009071719832718372, 0.021981358528137207, -0.032995644956827164, 0.033475808799266815, 0.027840344235301018, -0.021948831155896187, 0.019804807379841805, -0.025275077670812607, 0.02923382818698883, -0.005394503939896822, 0.005149715580046177, -0.021110711619257927, 0.04089603200554848, 0.03678691014647484, 0.06537553668022156, 0.04160122573375702, 0.009204271249473095, -0.017023347318172455, -0.013592175208032131, -0.011868231929838657, -0.004444493446499109, 0.01430755015462637, -0.015161963179707527, -0.020528605207800865, -0.0684288814663887, 0.012082553468644619, -0.006208029575645924, -0.03202410787343979, 0.047804512083530426, -0.0064706820994615555, 0.018207600340247154, -0.040196385234594345, 0.020342621952295303, -0.10607657581567764, 0.045844051986932755, -0.018515203148126602, 0.03336770832538605, -0.02454276941716671, 0.021464379504323006, -0.015081213787198067, 0.018646709620952606, 0.0014791040448471904, 0.014069699682295322, -0.06556165218353271, -0.04316433146595955, 0.04733414947986603, 0.017231889069080353, 0.03500714898109436, -0.1115211695432663, 0.009097893722355366, 0.040991589426994324, -0.06640509516000748, 0.018301472067832947, -0.006478528026491404, -0.030466437339782715, -0.00061656697653234, 0.007345397491008043, -0.003838748438283801, 0.04738668352365494, 0.03594979643821716, 0.07598039507865906, 0.002759529510512948, 0.014812013134360313, -0.022894851863384247, -0.015567796304821968, -0.044444624334573746, 0.0500405989587307, 0.007169531192630529, -0.02337053418159485, 0.04730420187115669, 0.022986020892858505, 0.024034392088651657, -0.0018965206108987331, -0.01700739748775959, -0.027812406420707703, -0.04765194654464722, -0.00885697826743126, 0.0004513984895311296, -0.03674525395035744, -0.0294329933822155, 0.009423475712537766, -0.014780165627598763, 0.002013948978856206, -0.01928860880434513, 0.004137679468840361, -9.030036017065868e-05, 0.007564712781459093, -0.04673188552260399, -0.011829462833702564, -0.002221456030383706, -0.017204511910676956, -0.011790167540311813, -0.042074378579854965, 0.027715347707271576, 0.0035399612970650196, -0.006669980939477682, -0.021926680579781532, -0.023299293592572212, 0.014774234034121037, -0.012414761818945408, 0.04124239832162857, -0.001331779989413917, -0.009449027478694916, 0.021713532507419586, 0.06626740843057632, 0.013291541486978531, -0.04713659733533859, -0.07532148063182831, 0.07654594630002975, 0.027708154171705246, 0.027713986113667488, 0.011303555220365524, 0.006373461335897446, 0.042078811675310135, 0.014077058993279934, 0.010475428774952888, 0.035119667649269104, 0.02627929113805294, -0.06122085824608803, 0.019510146230459213, -0.046370066702365875, -0.015518151223659515, -0.03998288884758949, -0.02773294411599636, 0.042571764439344406, -0.02307613007724285, 0.04057220742106438, -0.08596774190664291, 0.010661892592906952, 0.03235609829425812, -0.025089582428336143, -0.04806876555085182, 0.0051905629225075245, 0.017707183957099915, 0.04178497567772865, 0.016170907765626907, -0.03543676808476448, -0.023078517988324165, 0.007106616627424955, 0.03759853169322014, -0.02084997668862343, 0.05853738263249397, -0.0325111448764801, -0.0038643116131424904, 0.005237270146608353, -0.007746108341962099, 0.058608148247003555, -0.006965304259210825, -0.06553035229444504, -0.045918527990579605, 0.05104236304759979, -0.042036447674036026, -0.034276582300662994, -0.036990318447351456, 0.006593620404601097, 0.03765114024281502, -0.0069848354905843735, -0.007616942748427391, 0.024608228355646133, -0.013794204220175743, 0.05280669033527374, 0.010685201734304428, 0.035447750240564346, -0.006920319050550461, -0.017843198031187057, 0.001398045802488923, 0.03493644669651985, 0.030687810853123665, -0.013763590715825558, -0.016492564231157303, 0.012228777632117271, -0.019090499728918076, -0.0182370413094759, -0.026400219649076462, -0.01639512926340103, -0.010805146768689156, -0.057105086743831635, 0.0023753163404762745, 0.010526100173592567, -0.013755551539361477, 0.022248297929763794, -0.003056671703234315, -0.0696265771985054, -0.031242959201335907, 0.0496840737760067, -0.03154351934790611, -0.018755238503217697, 0.08240514993667603, 0.037088826298713684, -0.02179889567196369, -0.0019243337446823716, 0.005088184028863907, -0.02026037871837616, -0.04887494817376137, 0.03865908458828926, -0.0068031661212444305, 0.00436346884816885, -0.010892276652157307, 0.0581340529024601, -0.03551976755261421, -0.0876748189330101, -0.05741787701845169, -0.02586911804974079, 0.028554517775774002, -0.037162452936172485, -0.04396745562553406, -0.0037865142803639174, 0.005482112988829613, -0.06088443845510483, -0.030012289062142372, 0.03442949801683426, 0.021974846720695496, -0.023428194224834442, 0.023740047588944435, 0.010900362394750118, -0.05523357912898064, -0.01291824970394373, 0.06484625488519669, 0.039647143334150314, -0.00937045831233263, 0.0003617314505390823, -0.025900932028889656, 0.0004440558550413698, -0.017825357615947723, -0.049029748886823654, 0.004319565370678902, 0.009745054878294468, 0.013643397018313408, -0.0390835665166378, 0.04790237545967102, 0.024836435914039612, 0.017546631395816803, 0.0320831798017025, 0.036948952823877335, 0.010628433898091316, 0.06646206229925156, 0.03949003294110298, 0.0003779100370593369, 0.04062855243682861, -0.06135527044534683, 0.016981100663542747, 0.024697812274098396, -0.021160423755645752, 0.013083033263683319, -0.022307761013507843, -0.028307942673563957, -0.040332067757844925, -0.022155821323394775, 0.02392335794866085, 0.009122571907937527, -0.01081765629351139, 0.04832267016172409, -0.03252345696091652, 0.045993611216545105, 0.013617600314319134, 0.04514218121767044, 0.03754788264632225, -0.004606608767062426, -0.015628039836883545, -0.005449642427265644, 0.026668688282370567, 0.030658574774861336, -0.049636438488960266, 0.04789523780345917, -0.02937169373035431, 0.0689033642411232, -0.024728398770093918, -0.0987512543797493, 0.037671033293008804, 0.04411577805876732, 0.01814662292599678, 0.028131356462836266, -0.017260076478123665, 0.04626696929335594, -0.046168312430381775, -0.015642507001757622, -0.047266148030757904, -0.04799908399581909, 0.026125749573111534, -0.026383990421891212, 0.04444720968604088, -0.0787973701953888, 0.008286608383059502, -0.06551271677017212, 0.004693642258644104, 0.0745387151837349, 0.04021668806672096, 0.02736520580947399, 0.02776622399687767, 0.005004530306905508, -0.011561030521988869, 0.0032228194177150726, 0.00795416347682476, -0.05648629739880562, 0.023573538288474083, -0.0004716830444522202, 0.01572718843817711, -0.007826234214007854, 0.012955551967024803]",./aquastride_images/aquastride_DB.pdf_1.png,"Here's all the text content extracted from the image:

TrailBlazer_22_Black_Wide
CZFPRZV8
Amazon_SOLD
11-03-23
Jessica Wilson
494 1st St, Los Angeles, NY, 90001
DepthStrider_23_Yellow_Norm
CZOMORBJ
In_Warehouse
N/A
N/A
N/A
DepthStrider_23_Blue_Wide
CZ650EFX
At_3P_SOLD
05-26-23
Sarah Fighen
346 1st St, Chicago, IL, 19101
RainWalker_22_Red_Norm
CZF7P9HJ
Amazon
N/A
N/A
N/A
DepthStrider_23_Yellow_Wide
CZRKEW26
At_Store
N/A
N/A
N/A
TrailBlazer_22_Yellow_Slim
CZYJVQRK
Amazon
N/A
N/A
N/A
TrailBlazer_23_Blue_Slim
CZYWSR6M
Amazon_SOLD
10-21-23
Michael Garcia
405 Main St, Los Angeles, PA, 19101
RainWalker_22_Blue_Wide
CZOZBWNN
Amazon_SOLD
01-16-23
David Rodriguez
488 Elm St, New York, IL, 77001
TrailBlazer_22_Green_Norm
CZTJI42D
In_Warehouse_SOLD
05-22-23
Jessica Miller
343 Oak St, Los Angeles, TX, 60601
DepthStrider_22_Blue_Slim
CZS12YL9
At_3P_SOLD
11-04-23
Jessica Brown
645 1st St, Los Angeles, TX, 10001
TrailBlazer_22_Blue_Wide
CZAB123D
In_Warehouse
N-A
N-A
N-A
DepthStrider_24_Red_Norm
CZ98F3DE
At_Store_SOLD
02-18-23
John Popen
123 Main St, Anytown, CA 12345
RainWalker_23_Black_Slim
CZL49P01
At_Store_SOLD
09-12-22
Jane Doolittle
456 Elm St, Anycity, NY 54321
TrailBlazer_23_Green_Norm
CZ5Q82MN
Amazon
N-A
N-A
N-A
DepthStrider_22_Blue_Slim
CZW2X6CV
Amazon_SOLD
11-25-23
Sarah Johnson
789 Oak St, Anyville, TX 76543
RainWalker_24_Yellow_Wide
CZ3H7Y4K
At_3P
N-A
N-A
N-A
TrailBlazer_24_White_Norm
CZV5N8B7
At_3P_SOLD
06-30-23
Michael Brown
101 Pine St, Anyplace, FL 32165
DepthStrider_23_Brown_Slim
CZAOJ1F3
In_Warehouse_SOLD
04-05-22
Emily Davis
202 Cedar St, Somewhere, AZ 85298
RainWalker_22_Gray_Wide
CZT6G2L9
Amazon_SOLD
01-10-24
David Wilson
303 Maple St, Anywhere, CO 80204
TrailBlazer_22_Orange_Norm
CZB4K5R8
In_Warehouse_SOLD
08-22-23
Jessica Taylor
404 Birch St, Otherplace, GA 30303
TrailBlazer_22_Blue_Slim
CZ9J41F3
In_Warehouse
N-A
N-A
N-A
TrailBlazer_23_Green_Wide
CZB2LOP8
At_Store
N-A
N-A
N-A
RainWalker_24_Black_Norm
CZA5K6Q2
Amazon_SOLD
09-18-23
John Wern
123 Main St, Anytown, CA 12345
DepthStrider_22_Red_Slim
CZD7R8T1
At_3P_SOLD
11-05-22
Emily Johnson
456 Elm St, Anycity, NY 54321
TrailBlazer_24_Yellow_Wide
CZF3M9U5
In_Warehouse
N-A
N-A
N-A
RainWalker_23_Blue_Norm
CZG1N206
At_Store_SOLD
05-22-23
Michael Davis
789 Oak St, Anyvillage, TX 76543
DepthStrider_24_Green_Slim
CZH7P3Q1
Amazon
N-A
N-A
N-A
TrailBlazer_22_Black_Wide
CZJ8R4S2
At_3P_SOLD
02-14-23
Sarah Brown
101 Pine St, Anyhamlet, FL 32109
RainWalker_24_Red_Norm
CZK2M5T6
In_Warehouse_SOLD
07-03-22
David Wilson
202 Cedar St, Anyburgh, PA 19087
DepthStrider_23_Yellow_Slim
CZL6N7U3
At_Store
N-A
N-A
N-A
TrailBlazer_24_Blue_Wide
CZM108P4
Amazon_SOLD
12-25-22
Jennifer Lee
303 Maple St, Anyville, MI 48103
RainWalker_22_Green_Norm
CZN5Q6R7
At_3P
N-A
N-A
N-A
DepthStrider_24_Black_Slim
CZP9SOT8
In_Warehouse_SOLD
04-30-23
Daniel Clark
404 Birch St, Anyton, GA 30004
TrailBlazer_23_Red_Wide
CZQ4T1U2
At_Store_SOLD
08-11-23
Jessica Hall
505 Spruce St, Anytown, IL 60601
RainWalker_24_Yellow_Norm
CZR8U2V3
Amazon
N-A
N-A
N-A
DepthStrider_22_Blue_Slim
CZS3V6W1
At_3P_SOLD
06-19-22
Christopher Young
606 Walnut St, Anycity, OH 43215
TrailBlazer_24_Green_Wide
CZT7W8X4
In_Warehouse
N-A
N-A
N-A
RainWalker_23_Black_Norm
CZU2X3Y5
At_Store_SOLD
01-08-23
Laura White
707 Willow St, Anyvillage, WA 98001
DepthStrider_24_Red_Slim
CZV6Y7Z1
Amazon_SOLD
10-22-23
Matthew Taylor
808 Ash St, Anyburgh, CA 94010
The table has been successfully extracted and structured as follows:

| Product Type                  | Product ID | Location/Status   | Date     | Customer Name     | Customer Address                                  |
|:------------------------------|:-----------|:------------------|:---------|:------------------|:--------------------------------------------------|
| TrailBlazer_22_Black_Wide     | CZFPRZV8   | Amazon_SOLD       | 11-03-23 | Jessica Wilson    | 494 1st St, Los Angeles, NY, 90001                |
| DepthStrider_23_Yellow_Norm   | CZOMORBJ   | In_Warehouse      | N/A      | N/A               | N/A                                               |
| DepthStrider_23_Blue_Wide     | CZ650EFX   | At_3P_SOLD        | 05-26-23 | Sarah Fighen      | 346 1st St, Chicago, IL, 19101                    |
| RainWalker_22_Red_Norm        | CZF7P9HJ   | Amazon            | N/A      | N/A               | N/A                                               |
| DepthStrider_23_Yellow_Wide   | CZRKEW26   | At_Store          | N/A      | N/A               | N/A                                               |
| TrailBlazer_22_Yellow"
ccb2bd01-6756-4808-ac83-04d306919b8e,"[-0.06422671675682068, -0.007115600630640984, -0.014949023723602295, -0.022476980462670326, -0.029640348628163338, -0.004879558924585581, -0.024317331612110138, 0.034261275082826614, 0.041126880794763565, 0.020420070737600327, -0.03909342363476753, 0.0022800415754318237, -0.011294019408524036, -0.056051112711429596, -0.023973483592271805, 0.07128340750932693, 0.022887809202075005, -0.010786046274006367, 0.004529377445578575, -0.005711160134524107, 0.019773198291659355, -0.028060605749487877, -0.07409811019897461, -0.015942353755235672, 0.02122597023844719, -0.011523861438035965, -0.01805821619927883, -0.047315485775470734, -0.022939763963222504, 0.010772441513836384, 0.07887351512908936, 0.011442315764725208, 0.014486715197563171, -0.0952947661280632, 0.004206561017781496, 0.03228435292840004, 0.0017830284778028727, -0.008861573413014412, -0.03397942706942558, -0.00990153569728136, 0.017671486362814903, -0.03546835854649544, 0.04601982608437538, -0.059829872101545334, -0.0391913577914238, 0.002749637933447957, 0.005169179756194353, 0.01824082061648369, -0.02551046758890152, -0.0285456795245409, -0.0016765929758548737, 0.02822565659880638, -0.009272420778870583, 0.024266768246889114, 0.054116297513246536, 0.04622667282819748, 0.015859633684158325, 0.0053399610333144665, -0.042439185082912445, -0.017115624621510506, 0.0024900068528950214, 0.03143898770213127, -0.013518284074962139, 0.03184043616056442, -0.06285258382558823, 0.062275953590869904, 0.009712672792375088, 0.010150905698537827, 0.031541015952825546, -0.023326652124524117, -0.03054034523665905, 0.0001526367850601673, 0.010873408056795597, 0.007123710121959448, -0.024356452748179436, -0.008865519426763058, 0.05237025022506714, 0.014364280737936497, -0.02014545351266861, -0.014052988961338997, -0.03120158612728119, 0.013236377388238907, -0.05553144961595535, 0.046162769198417664, 0.00919639877974987, -0.03586790710687637, -0.03707054257392883, -0.081348717212677, -0.06914917379617691, 0.010354491882026196, -0.011977456510066986, -0.02492188848555088, -0.011011132039129734, -0.05441933125257492, 0.005845027510076761, 0.06967057287693024, 0.04102020338177681, 0.032339226454496384, -0.0027072643861174583, 0.06949646025896072, 0.008794983848929405, 0.1033329889178276, -0.021840455010533333, 0.019425785169005394, 0.00288087734952569, 0.036905255168676376, -0.10126049071550369, 0.010616950690746307, 0.007811006624251604, -0.022897444665431976, -0.019013701006770134, -0.05017499998211861, -0.054886866360902786, 0.05248592793941498, 0.07150427252054214, 0.012066639959812164, -0.032851412892341614, 0.005239682272076607, -0.14066781103610992, -0.10831493884325027, -0.014011548832058907, 0.039490748196840286, 0.060602206736803055, -0.020642805844545364, -0.04555712267756462, -0.011537602171301842, 0.03849225491285324, 0.04034266620874405, 0.0236417967826128, 0.007304854225367308, 0.016675656661391258, -0.03489144518971443, 0.006788572296500206, 0.06998421996831894, 0.06431026011705399, -0.028059067204594612, 0.0011212568497285247, -0.04459730163216591, -0.006995914038270712, 0.006414246279746294, -0.020178155973553658, 0.06738773733377457, 0.00972434226423502, -0.0009393351501785219, -0.026029491797089577, -0.051150545477867126, 0.0063226474449038506, 0.043568797409534454, 0.030635032802820206, -0.004217466805130243, -0.041601479053497314, 0.0715787410736084, -0.031260307878255844, 0.04421904310584068, 0.0034288002643734217, -0.03212948143482208, 0.0009827716276049614, 0.0271762628108263, 0.04708625748753548, 0.008400986902415752, -0.00372907891869545, 0.05911243334412575, -0.04403995722532272, -0.0012146082008257508, -0.04459073022007942, -0.015002833679318428, 0.08213863521814346, -0.02161145769059658, -0.00812305137515068, 0.04103388637304306, 0.024390965700149536, -0.004893500357866287, -0.030047805979847908, 0.03891168534755707, 0.04296264424920082, -0.005538993515074253, 0.045494191348552704, 0.03287462145090103, -0.0039017489179968834, -0.03610318526625633, -0.06847929209470749, -0.012784512713551521, 0.02279755100607872, 0.050822846591472626, -0.13023194670677185, 0.02026721090078354, -0.02211632952094078, -0.010722081176936626, 0.025605732575058937, -0.02774166874587536, -0.08231256902217865, -0.09932191669940948, -0.06430035829544067, 0.03763666749000549, 0.03359636291861534, 0.040207188576459885, 0.043131273239851, -0.04381236061453819, -0.03730721026659012, -0.0033732822630554438, -0.022865604609251022, -0.05840938910841942, 0.047996535897254944, -0.06847556680440903, -0.04688912257552147, -0.020163288339972496, 0.03139407932758331, -0.015900760889053345, 0.03067081980407238, -0.02514631114900112, 0.03414555639028549, -0.025893449783325195, -0.008192077279090881, -0.027457140386104584, -0.05946866795420647, -0.05165230110287666, -0.04835961014032364, -0.04264271631836891, 0.06761008501052856, -0.002616648329421878, 0.04581751301884651, 0.028923872858285904, -0.05206379294395447, 0.05139070376753807, 0.002153089502826333, -0.01873689517378807, 0.07101178914308548, -0.027492523193359375, 0.01327747292816639, 0.07369113713502884, -0.014407043345272541, 0.026780305430293083, 0.006047709845006466, 0.07830937951803207, -0.030471384525299072, 0.004518784116953611, -0.030441520735621452, 0.013663196004927158, -0.08533202856779099, -0.030514737591147423, -0.018101612105965614, 0.04214246943593025, -0.061130885034799576, 0.041819725185632706, -0.04110630974173546, -0.0052370247431099415, -0.046617861837148666, 0.04173724353313446, 0.014122968539595604, -0.0010653866920620203, 0.020790914073586464, 0.05309487134218216, -0.018539948388934135, 0.0017503047129139304, 0.11845391243696213, -0.005964566953480244, 0.01486499235033989, 0.015612253919243813, -0.004236402455717325, 0.06393341720104218, 0.007259657606482506, 0.04938570782542229, 0.0030129081569612026, -0.04333827272057533, 0.014887522906064987, -0.013958856463432312, 0.008328826166689396, -0.026502979919314384, 0.019034933298826218, 0.026370875537395477, -0.08442384004592896, -0.006387914065271616, 0.030620558187365532, -0.03709955886006355, -0.0009508231887593865, 0.05318266153335571, -0.03601061925292015, -0.023441879078745842, 0.00027247361140325665, 0.03572319820523262, -0.06082960218191147, -0.011316949501633644, 0.011050000786781311, 0.037082888185977936, 0.02695177122950554, -0.0040118759498000145, 0.0320589616894722, 0.022159164771437645, 0.0020755750592797995, -0.0164484940469265, 0.0018722133245319128, 0.034055594354867935, 0.062261249870061874, -0.006215760949999094, 0.009552561677992344, 0.022155186161398888, 0.07758355885744095, -0.013767991214990616, -0.009141338989138603, -0.006832728628069162, -0.030821947380900383, 0.005015799775719643, -0.007252231705933809, -0.011491595767438412, 0.04005952924489975, -0.042308881878852844, -0.0009822760475799441, -0.0302234198898077, 0.02534676343202591, -0.012183623388409615, 0.004234850872308016, 0.015204637311398983, 0.029222246259450912, 0.005074795801192522, -0.05538148060441017, -0.03053448162972927, 0.011465885676443577, 0.0117119662463665, 0.03872133791446686, 0.007305532693862915, 0.03653103858232498, -0.04100656881928444, 0.10863812267780304, -0.03662457689642906, 0.005048121325671673, -0.022757483646273613, 0.04017012193799019, 0.048441942781209946, 0.017837971448898315, -0.04488221928477287, -0.009083638899028301, 0.028347359970211983, 0.018615664914250374, 0.015037225559353828, -0.03071611188352108, -0.022701356559991837, 0.01490525808185339, 0.004392201080918312, -0.006971215363591909, -0.011466555297374725, 0.027252158150076866, 0.030719835311174393, -0.05271153151988983, 0.0400247760117054, -0.0647716149687767, 0.006755771115422249, -0.021281389519572258, -0.04350520670413971, -0.029274264350533485, 0.028546791523694992, 0.028157798573374748, 0.05579147860407829, 0.0220586396753788, -0.05906296893954277, 0.047874774783849716, -0.02522115968167782, 0.025942865759134293, 0.05301440879702568, 0.024858392775058746, -0.0314914807677269, 0.028033306822180748, 0.044880516827106476, -0.00948647502809763, 0.004729153122752905, -0.043210845440626144, 0.018842212855815887, -0.041692040860652924, -0.011803332716226578, 0.04029202461242676, -0.041884783655405045, -0.04733087867498398, -0.009700251743197441, -0.03187008202075958, -0.022736920043826103, 0.009446709416806698, 0.03492281213402748, 0.0017588818445801735, -0.0005089265177957714, 0.01220692414790392, 0.0014653559774160385, -0.03235141560435295, 0.007905524224042892, -0.017204921692609787, -0.017793353646993637, -0.027095230296254158, 0.02164698764681816, -0.005918310023844242, 0.02051636576652527, 0.02088257297873497, -0.021437933668494225, -0.06816664338111877, 0.04125556722283363, 0.048404160887002945, 0.0017453643959015608, 0.01938135363161564, -0.020754802972078323, 0.024748627096414566, -0.001315856585279107, -0.052115485072135925, -0.00654973229393363, 0.03946205973625183, 0.028557218611240387, -0.017382992431521416, 0.04652426391839981, -0.0019263497088104486, -0.04229646921157837, -0.02406473457813263, 0.0030733300372958183, -0.027640152722597122, 0.01936989277601242, -0.039377253502607346, -0.042327072471380234, 0.030869299545884132, 0.0455893874168396, 0.05248532071709633, -0.046221815049648285, 0.021005401387810707, 0.02039330080151558, -0.029141785576939583, -0.08707155287265778, -0.03678048774600029, 0.08110789954662323, -0.03865991160273552, 0.02580936998128891, -0.045071691274642944, 0.0006671709707006812, 0.02646835707128048, 0.00912864413112402, 0.025080453604459763, 0.028554443269968033, -0.022822285071015358, 0.04170156270265579, -0.02051902934908867, -0.005683991126716137, 0.024070175364613533, -0.04787047579884529, -0.06633396446704865, -0.003844250924885273, -0.0171658918261528, 0.023601680994033813, 0.04205390810966492, 0.050509899854660034, -0.045580629259347916, 0.02113761007785797, 0.004330125637352467, 0.01985996961593628, 0.04390339180827141, -0.022925546392798424, 0.02492496930062771, 0.010324984788894653, -0.010208368301391602, 0.05369504541158676, -0.00472224922850728, 0.0242481529712677, -0.011640356853604317, 0.016398228704929352, 0.007929226383566856, -0.005378028843551874, -0.026276759803295135, -0.09651120752096176, -0.01218003872781992, -0.01042291522026062, 0.04254614934325218, 0.034302692860364914, 0.04712415859103203, -0.057849179953336716, -0.02385314740240574, -0.04940915107727051, 0.030239814892411232, -0.034965042024850845, 0.001362720737233758, -0.00017554566147737205, 0.007796461693942547, 0.01775137521326542, -0.018276233226060867, 0.009661625139415264, 0.01234456803649664, 0.023622550070285797, -0.03615780547261238, -0.015893829986453056, -0.00882385391741991, 0.008719203993678093, 0.03943612426519394, 0.02684522606432438, 0.017219029366970062, -0.0007565808482468128, -0.030904710292816162, -0.10014690458774567, -0.01525856088846922, -0.00017705571372061968, 0.002472691237926483, -0.003190941410139203, -0.022117575630545616, -0.09284255653619766, -0.001579025643877685, 0.019503166899085045, -0.02216053381562233, 0.05206204950809479, -0.01205278467386961, 0.015704132616519928, -0.06395326554775238, 0.016170406714081764, -0.07533431798219681, 0.018548373132944107, 0.016268476843833923, 0.038015902042388916, 0.003997310996055603, 0.04481770470738411, -0.057079020887613297, -0.007290101610124111, 0.005071704741567373, 0.013448727317154408, -0.05002260208129883, -0.012767745181918144, 0.03521057590842247, 0.035045038908720016, 0.028125546872615814, -0.0429801270365715, -0.01158655434846878, 0.032575104385614395, -0.004349217284470797, -0.002905190922319889, 0.035642847418785095, -0.0033619103487581015, -0.008869403041899204, 0.009693690575659275, 0.0013471354031935334, 0.048287440091371536, 0.0059544239193201065, 0.046600304543972015, -0.015374506823718548, -0.02970457449555397, -0.012663982808589935, -0.022627877071499825, -0.006393121089786291, 0.016047682613134384, 0.04168007895350456, -0.0248456709086895, -0.011318900622427464, 0.01700805313885212, -0.005766402930021286, -0.04070863500237465, -0.07001873850822449, 0.0013676044763997197, -0.04279094189405441, 0.003378120483830571, -0.005916876252740622, -0.03482706472277641, 0.016142399981617928, 0.03095175325870514, -0.015984216704964638, 0.012209352105855942, -0.012208087369799614, 0.009639333002269268, 0.015136407688260078, 0.004661398008465767, -0.01734377257525921, -0.010881423950195312, 0.015929007902741432, -0.041836466640233994, 0.01115441881120205, -0.021706152707338333, 0.05100252479314804, -0.011927567422389984, 0.006986905355006456, -0.03487322852015495, -0.03141998127102852, 0.023854998871684074, -0.0025756636168807745, 0.051594555377960205, -0.0034795505926012993, -0.04262493923306465, -0.010961631312966347, 0.0677618533372879, 0.008696160279214382, -0.014878809452056885, -0.03349938988685608, 0.020112400874495506, 0.0009889820357784629, 0.05168589949607849, 0.004441892262548208, -0.019530631601810455, 0.008933182805776596, 0.011237267404794693, -0.01950717903673649, 0.024524249136447906, -0.02884560264647007, -0.03562592715024948, -0.009167339652776718, -0.05025731772184372, -0.000753732630982995, 0.01866198517382145, 0.0050589884631335735, 0.05362490192055702, 0.021761782467365265, -0.012658128514885902, -0.03481275960803032, -0.023685110732913017, 0.06812191009521484, -0.03789762035012245, -0.004394566174596548, -0.005512325093150139, 0.023744868114590645, 0.05263049155473709, 0.033594172447919846, 0.0050130258314311504, -0.005816561169922352, -0.009280911646783352, 0.012624764814972878, -0.05183091014623642, 0.07870299369096756, -0.01770624704658985, -0.008585098199546337, 0.04205549508333206, -0.0007762645836919546, 0.07567964494228363, 0.011080638505518436, -0.05897579714655876, -0.033324915915727615, 0.01862100325524807, -0.018951931968331337, -0.02097063884139061, -0.04517311975359917, 0.0041595143266022205, 0.003953566309064627, 0.02407355234026909, -0.04847045615315437, -0.005599177908152342, -0.0037888723891228437, 0.020931502804160118, -0.019509315490722656, 0.01881091482937336, -0.07313595712184906, -0.024328649044036865, -0.03071676753461361, 0.001306302729062736, -0.00216236081905663, -0.01747892238199711, -0.013439682312309742, -0.061996396631002426, 0.0271769929677248, -0.052978161722421646, -0.01650870405137539, 0.007851902395486832, -0.020269226282835007, 0.03944670781493187, 0.04426630958914757, 0.024811385199427605, -0.001444363733753562, -0.03731768578290939, 0.056676290929317474, -0.042882151901721954, -0.018230343237519264, 0.022467555478215218, -0.01167166605591774, 0.010384914465248585, 0.08708490431308746, 0.00037422642344608903, -0.011007104068994522, -0.004745770711451769, -0.01577574573457241, -0.016843385994434357, -0.0697476714849472, 0.03183147311210632, 0.02279617264866829, -0.007193257100880146, -0.03211760148406029, -0.007268288638442755, -0.012063773348927498, -0.09737132489681244, -0.06686253845691681, 0.010454786941409111, -0.02761196158826351, -0.05649465322494507, -0.06349799036979675, -0.046046312898397446, 0.01027755904942751, -0.052814267575740814, -0.030038297176361084, 0.041119400411844254, 0.002827463438734412, -0.015640489757061005, 0.02516549453139305, 0.04037826880812645, 0.025235554203391075, -0.015635520219802856, 0.02523493394255638, 0.017291896045207977, 0.002050479408353567, 0.020051823928952217, -0.03658193349838257, -0.03768059238791466, 0.02645931765437126, -0.05861428380012512, -0.002823617309331894, 0.02507057972252369, -0.03987715393304825, 0.020364990457892418, 0.012451255694031715, 0.03972515091300011, -0.050420764833688736, -0.011415851302444935, 0.02031746506690979, 0.010946572758257389, 0.054169051349163055, 0.02564866468310356, -0.07033933699131012, -0.023274609819054604, -0.024558870121836662, 0.004334224388003349, 0.029294168576598167, -0.007099766284227371, -0.007726829964667559, -0.015682529658079147, -0.040301669389009476, 0.033929839730262756, -0.03157095983624458, 0.018682602792978287, -0.01959283836185932, -0.07501821964979172, 0.0645131915807724, -0.02738310769200325, 0.02592284232378006, -0.019112728536128998, -0.009031093679368496, 0.04685734957456589, -0.026762988418340683, -0.01439325325191021, 0.019092272967100143, 0.0029898316133767366, 0.004238742403686047, -0.02111963927745819, 0.026263706386089325, -0.024121921509504318, 0.012379806488752365, -0.0719980001449585, -0.10970961302518845, -0.010969450697302818, 0.05038835480809212, -0.050346650183200836, 0.04449663311243057, -0.01194219384342432, 0.03676040843129158, -0.021181046962738037, -0.02206406369805336, -0.05200929939746857, -0.018937861546874046, 0.04385858774185181, -0.03189510107040405, -0.002014733152464032, -0.06021463871002197, 0.04100436717271805, -0.023669317364692688, -0.015295824967324734, 0.039895765483379364, 0.006416689604520798, -0.016232291236519814, 0.03418058902025223, -0.024946490302681923, -0.017061466351151466, 0.018243320286273956, 0.03799017518758774, -0.07061505317687988, -0.009873203933238983, 0.011253955774009228, -0.025122331455349922, 0.005666456650942564, 0.0058346521109342575]",./aquastride_images/aquastride_DB.pdf_0.png,"Here's all the text content extracted from the image:

**Header:**
Aqua Stride DB

**Table Data:**"
8d6c3dd2-8ff1-44e9-a5f2-f4faa4c7e75e,"[-0.0016467439709231257, -0.0006068403599783778, -0.04345763102173805, 0.033905889838933945, -0.01563134603202343, 0.024970315396785736, 0.0016901569906622171, 0.03216894343495369, 0.0017395198810845613, 0.01754837855696678, -0.05704126134514809, -0.042221054434776306, 0.0010999696096405387, -0.010517338290810585, -0.017041493207216263, 0.04611531272530556, 0.09666308015584946, -0.08258670568466187, -0.02775885909795761, 0.0008969815098680556, 0.007622850593179464, -0.016087155789136887, -0.04231235757470131, -0.034531399607658386, -0.02277030423283577, -0.06586407870054245, -0.02724907547235489, 0.017557969316840172, 0.006850050296634436, 0.024635666981339455, 0.02206621877849102, -0.023406151682138443, 0.015806682407855988, -0.022133398801088333, 0.005065710283815861, -0.019676756113767624, 0.027073396369814873, 0.001309461542405188, 0.024006377905607224, -0.012922878377139568, 0.02763594128191471, -0.06850917637348175, 0.06369654834270477, 0.006585452239960432, -0.010360238142311573, 0.05593550577759743, -0.0036747364792972803, -0.023028479889035225, -0.014907495118677616, -0.08453758805990219, 0.09299971908330917, 0.03053666092455387, -0.003717130981385708, -0.025823866948485374, 0.024249928072094917, 0.05584050714969635, -0.009472624398767948, -0.061006493866443634, -0.019655834883451462, 0.04098768159747124, -0.006167201325297356, -0.019032815471291542, -0.01747223734855652, 0.050739649683237076, -0.031435880810022354, 0.02681216225028038, 0.01641811802983284, 0.021637210622429848, 0.018220381811261177, -0.034536637365818024, -0.04581766203045845, -0.047803521156311035, -0.009807424619793892, -0.0047365641221404076, -0.051720380783081055, -0.03056800365447998, -0.005373113788664341, 0.0062112268060445786, 0.009035301394760609, -0.019494730979204178, -0.049414925277233124, -0.004651234019547701, -0.04270978644490242, 0.04269341006875038, 0.022579053416848183, -0.05421142280101776, -0.1009501963853836, -0.02826191857457161, -0.020169293507933617, -0.053930941969156265, 0.0063271489925682545, -0.042465757578611374, -0.04773702099919319, -0.019647730514407158, -0.012460858561098576, 0.02966855652630329, -0.04248696565628052, 0.10664919018745422, -0.024485282599925995, 0.05293700844049454, 0.006273577455431223, 0.0015309699811041355, -0.004562031012028456, -0.04021146148443222, 0.035688649863004684, -0.004268733784556389, -0.05494299903512001, -0.043538715690374374, 0.008108271285891533, 0.023698119446635246, -0.0739186555147171, 0.008874855935573578, -0.005568410269916058, 0.036953870207071304, 0.031976018100976944, 0.03759772703051567, -0.043249860405921936, -0.029752463102340698, -0.07454293966293335, -0.07467500865459442, -0.04677625745534897, 0.03701713681221008, 0.06289267539978027, -0.011490466073155403, -0.03152839094400406, -0.019187428057193756, 0.059327442198991776, 0.020828306674957275, 0.015936318784952164, -0.020040173083543777, -0.03291211649775505, -0.03487953543663025, 0.0384749099612236, 0.03148821368813515, -0.02402339316904545, -0.040810294449329376, -0.06873204559087753, -0.040351737290620804, 0.012489096261560917, -0.006279170047491789, 0.02291361428797245, 0.009682973846793175, 0.03255130350589752, 0.04375205188989639, -0.00884848739951849, -0.07512006908655167, -0.007040287367999554, 0.060907796025276184, 0.03177261725068092, 0.003235624870285392, -0.07361221313476562, 0.0774025171995163, -0.04135643318295479, 0.037916239351034164, 0.05519999563694, -0.058505021035671234, -0.020692430436611176, -0.013361908495426178, 0.048113077878952026, -0.03069189190864563, -0.00980284996330738, 9.493700781604275e-05, 0.0018940569134429097, 0.074136883020401, 0.04384651035070419, -0.014114215970039368, 0.017158251255750656, -0.0019671600311994553, -0.003476895159110427, 0.015964265912771225, 0.017281068488955498, -0.0505746565759182, -0.09113051742315292, -0.005556866992264986, 0.02336333692073822, 0.024434825405478477, 0.018635503947734833, -0.013225706294178963, 0.027419423684477806, -0.08210134506225586, -0.03950393572449684, 0.03204430639743805, 0.006678475067019463, 0.031150655820965767, -0.14132802188396454, 0.024132605642080307, -0.04291638731956482, -0.049827348440885544, -0.03729720041155815, 0.028181910514831543, -0.06705188751220703, -0.038495320826768875, 0.013065600767731667, 0.03416985645890236, -0.0037708852905780077, 0.013636437244713306, 0.04860065132379532, -0.034728970378637314, -0.012960237450897694, -0.009370184503495693, -0.00889696553349495, 0.037882015109062195, 0.004041463602334261, -0.04635348543524742, -0.011674758978188038, -0.058499276638031006, 0.02470399998128414, -0.009533828124403954, 0.03368440270423889, -0.015120328404009342, 0.05139456316828728, -0.023881154134869576, -0.02585155889391899, -0.011276248842477798, -0.0665728822350502, -0.03936886414885521, 0.030540160834789276, -0.012761651538312435, 0.05647711828351021, -0.015212861821055412, 0.05305226147174835, 0.009253907948732376, -0.0642084851861, 0.016095321625471115, -0.0013229672331362963, -0.001913930755108595, 0.035827286541461945, -5.737215906265192e-05, 0.054320838302373886, 0.029109420254826546, -0.006936876103281975, 0.03416864201426506, -0.006669085938483477, 0.05531882122159004, -0.04044879227876663, -0.0025889065582305193, -0.02015325054526329, -0.004777614492923021, -0.12235530465841293, 0.009808700531721115, 0.037096794694662094, 0.03272710368037224, -0.02396734431385994, 0.030087053775787354, 0.010815114714205265, 0.01734103634953499, -0.07560799270868301, 0.11904086172580719, -0.06268341839313507, -0.018963949754834175, -0.005261518526822329, 0.01663755066692829, -0.018836239352822304, 0.008200710639357567, 0.011935022659599781, -0.026480840519070625, 8.032896585064009e-05, -0.019440121948719025, 0.02628442272543907, 0.005194466561079025, -0.016589757055044174, 0.01830398663878441, 0.025452198460698128, -0.0481521338224411, -0.013147814199328423, -0.03578391671180725, -0.01957176998257637, 0.00906282290816307, -0.003712377045303583, -0.0046895877458155155, -0.031810641288757324, -0.020089058205485344, 0.020351216197013855, 0.012606838718056679, -0.02838224358856678, 0.017366459593176842, -0.061222225427627563, -0.0032509900629520416, 0.02504643239080906, 0.049907438457012177, -0.0031287139281630516, -0.0211462564766407, -0.01354990154504776, 0.039578892290592194, -0.030392931774258614, -0.0034850959200412035, 0.010704210959374905, 0.06637921929359436, -0.004614708945155144, -0.023308731615543365, -0.009276151657104492, 0.05914473533630371, 0.0207481998950243, -0.07644978910684586, 0.001391404657624662, 0.0074593788012862206, 0.018511781468987465, -0.02043989486992359, -0.023705290630459785, 0.0007192516350187361, -0.023327412083745003, 0.01662171073257923, -0.03502914309501648, -0.0020598331466317177, 0.04162158444523811, -0.03883901983499527, -0.024921832606196404, -0.01723083108663559, 0.07441340386867523, 0.010945298708975315, 0.012248536571860313, -0.03235890716314316, 0.03397706523537636, 0.03597894310951233, -0.04537244513630867, -0.020559022203087807, -0.014900383539497852, -0.019786765798926353, 0.02130073308944702, 0.01230553723871708, -0.042500391602516174, 0.004457675851881504, 0.041473209857940674, -0.006788128521293402, -0.0020660406444221735, -0.0525854267179966, -0.015176196582615376, 0.030434980988502502, 0.0299189742654562, -0.0418376661837101, 0.05925285443663597, 0.060992419719696045, 0.06445173919200897, 0.004543485585600138, -0.05295931175351143, -0.034440793097019196, 0.013534627854824066, 0.02865084633231163, -0.015857132151722908, 0.020942101255059242, -0.020292432978749275, 0.04523130878806114, -0.045062460005283356, -0.00929959025233984, -0.0017041480168700218, 0.02065793052315712, -0.03284592553973198, -0.022375227883458138, -0.027213772758841515, -0.008727476932108402, 0.0070222122594714165, 0.05260177329182625, 0.013242351822555065, -0.04788511246442795, 0.008395331911742687, -0.04071113094687462, -0.010347397066652775, 0.0072306059300899506, 0.025701619684696198, -0.034777507185935974, -0.01018684171140194, 0.05684420466423035, -0.03487072139978409, -0.031090492382645607, -0.06212984025478363, 0.0009992383420467377, -0.05278974771499634, -0.03736507520079613, 0.03289437294006348, -0.01774647645652294, 0.006784612312912941, 0.016289161518216133, 0.01267323363572359, -0.024819333106279373, 0.029691357165575027, -0.012257360853254795, -0.029210638254880905, -0.03688643127679825, 0.012298008427023888, 0.02148556336760521, 0.00026819732738658786, -0.04035453870892525, -0.046348899602890015, 0.021747376769781113, -0.058612387627363205, -0.0058272359892725945, 0.0033296290785074234, 0.02395099587738514, -0.03226722404360771, 0.006508565507829189, 0.002793323714286089, 0.053170330822467804, 0.062268782407045364, -0.040453292429447174, 0.020616741850972176, 0.0017705116188153625, -0.02715788222849369, 0.03994391858577728, -0.017358504235744476, -0.026279909536242485, 0.02683754824101925, 0.01849713921546936, -0.05026756972074509, -0.02642381563782692, -0.012784339487552643, -0.028183314949274063, -0.02030773088335991, -0.0013082379009574652, 0.020517606288194656, -0.0037989190313965082, -0.01188101340085268, -0.024268489331007004, 0.03138244152069092, -0.004582895431667566, 0.04511826112866402, -0.07440341264009476, 0.027242125943303108, -0.04773113876581192, -0.01905333809554577, -0.04911404475569725, -0.06513664871454239, 0.040177565068006516, 0.02170226164162159, 0.012707315385341644, -0.0017023558029904962, -0.03259087726473808, 0.026546545326709747, 0.028318587690591812, 0.06671296060085297, 0.01486038789153099, -0.051632169634103775, 0.026428205892443657, -0.04013659432530403, -0.0007310620858334005, 0.027926724404096603, -0.05165060609579086, -0.03940950334072113, 0.0010600952664390206, 0.01585204340517521, -0.0075559006072580814, -0.017303206026554108, 0.021960973739624023, 0.013221808709204197, 0.012775012291967869, -0.01197533868253231, 0.012441209517419338, 0.06476946920156479, -0.042383112013339996, -0.018286479637026787, 0.020049849525094032, 0.04273001849651337, 0.04902568832039833, 0.04796132072806358, -0.0016008757520467043, -0.02508719079196453, 0.04337361082434654, 0.033768635243177414, -0.014676356688141823, -0.020910408347845078, -0.08810804039239883, 0.016421044245362282, 0.056905295699834824, -0.0027665242087095976, -0.000999292591586709, 0.04099228233098984, -0.039576251059770584, -0.07233156263828278, -0.04568164423108101, 0.004551670979708433, 0.02135780267417431, 0.012655283324420452, -0.0019139130599796772, 0.04568850249052048, 0.019572975113987923, -0.003941187635064125, 0.023133346810936928, -0.026818258687853813, 0.008159443736076355, 0.016809534281492233, -0.001969405449926853, -0.018656602129340172, 0.0555708110332489, 0.037116799503564835, 0.05135057494044304, 0.03382373973727226, 0.013988730497658253, -0.010454433970153332, 0.018237723037600517, 0.004611247684806585, -0.010787805542349815, -0.005029809195548296, 0.004694854374974966, -0.03862003609538078, -0.07121202349662781, -1.9435550711932592e-05, -0.004084134940057993, -0.02761853300035, 0.03261292725801468, 0.0058177015744149685, -0.007675541564822197, -0.03897103667259216, 0.0036339694634079933, -0.08334687352180481, 0.039549559354782104, -0.03135381266474724, 0.013646814972162247, -0.026078559458255768, 0.00570916710421443, -0.018889617174863815, 0.0199570395052433, 0.006463089492172003, 0.008107557892799377, -0.08106712251901627, -0.045097190886735916, 0.0501251257956028, 0.008842733688652515, 0.03380599617958069, -0.09055688232183456, 0.0062548937276005745, 0.03517696633934975, -0.05066027119755745, 0.016064133495092392, 0.0012943025212734938, -0.053723789751529694, -0.0007498952327296138, 0.004657807294279337, -0.01889069937169552, 0.02645648457109928, 0.04106856510043144, 0.07754765450954437, 0.002031508134678006, 0.012717417441308498, -0.02734268270432949, -0.03342662751674652, -0.04476485028862953, 0.033794105052948, 0.022657735273241997, -0.010723905637860298, 0.04195663332939148, 0.026903772726655006, 0.042285941541194916, -0.010709095746278763, -0.025663947686553, -0.0305032841861248, -0.06555744260549545, -0.013036271557211876, 0.014922207221388817, -0.03252693638205528, -0.007009674329310656, -0.0004522182862274349, -0.0074367704801261425, 0.01294676773250103, -0.04939901828765869, -0.02834426239132881, -0.00922826211899519, 0.014428093098104, -0.05604133754968643, -0.03171887248754501, -0.022989975288510323, -0.018898136913776398, -0.001283561810851097, -0.043236199766397476, 0.05761689320206642, 4.1639181290520355e-05, -0.025293631479144096, -0.028566956520080566, -0.01471870206296444, 0.017113685607910156, -0.016841934993863106, 0.047128595411777496, -0.01373475044965744, -0.020724918693304062, 0.01711040735244751, 0.05355299636721611, 0.012820013798773289, -0.07887047529220581, -0.055712293833494186, 0.07482106238603592, 0.04282672703266144, 0.026413466781377792, -9.010735811898485e-05, 0.015286171808838844, 0.03874296694993973, 0.020167747512459755, 0.00964606087654829, 0.056878138333559036, 0.014943490736186504, -0.03235398232936859, -0.0026136848609894514, -0.037831664085388184, -0.02840607799589634, -0.021575015038251877, -0.017592011019587517, 0.029314668849110603, -0.04010714963078499, 0.032721709460020065, -0.07572095841169357, 0.03383296728134155, 0.008764061145484447, -0.038396693766117096, -0.062204811722040176, 0.016117138788104057, 0.02964741736650467, 0.03210945799946785, 0.001713592791929841, -0.03913825377821922, -0.014094755984842777, 0.030334141105413437, 0.05116348713636398, -0.04142418131232262, 0.03691519424319267, -0.04462629184126854, 0.014869194477796555, 0.007832018658518791, 0.009350151754915714, 0.07643063366413116, -0.02932244911789894, -0.0696801245212555, -0.04703764617443085, 0.06709422916173935, -0.0409662239253521, -0.04007382690906525, -0.03762713819742203, 0.007958751171827316, 0.028369754552841187, -0.030292315408587456, 0.00975519698113203, 0.059639252722263336, -0.03467593342065811, 0.060326699167490005, 0.010783090256154537, -0.007615192793309689, 0.023372402414679527, -0.022304316982626915, -0.022697826847434044, 0.039438046514987946, 0.036292124539613724, -0.004919704981148243, -0.02221536822617054, 0.01850646361708641, -0.03856075555086136, -0.02409062534570694, -0.010940151289105415, -0.0286810714751482, 0.0071946377865970135, -0.0604507178068161, -0.005805589258670807, -0.010759708471596241, -0.024261031299829483, 0.024472776800394058, -0.0020749846007674932, -0.08096769452095032, -0.01318732276558876, 0.057771578431129456, -0.016653351485729218, -0.007134968414902687, 0.06890084594488144, 0.014411943033337593, -0.021663488820195198, -0.012386607937514782, 0.022275911644101143, -0.023468246683478355, -0.05103221535682678, 0.015955962240695953, -0.012719294056296349, -0.005455120466649532, -0.019964974373579025, 0.07002497464418411, -0.04080978035926819, -0.09031692892313004, -0.0455862320959568, -0.04582160338759422, 0.014513598755002022, -0.015110477805137634, -0.029071258381009102, 0.01719703897833824, -0.003958072979003191, -0.05226210504770279, -0.022157398983836174, 0.027417398989200592, 0.024671990424394608, -0.019965991377830505, 0.025462495163083076, 0.008977431803941727, -0.07303603738546371, -0.008851203136146069, 0.05169200897216797, 0.029440313577651978, -0.016911115497350693, 0.0015277641359716654, -0.009049513377249241, 0.01179744116961956, -0.024514414370059967, -0.037980541586875916, -0.0094848508015275, 0.004813025705516338, 0.010944387875497341, -0.036453697830438614, 0.04627188667654991, 0.03410015627741814, 0.02466944046318531, 0.02750440500676632, 0.03376099094748497, 0.014310255646705627, 0.05025344341993332, 0.031498707830905914, 0.029030509293079376, 0.048954591155052185, -0.08201814442873001, -0.002394287148490548, 0.02011294476687908, -0.03444025665521622, -0.009529980830848217, -0.013136601075530052, -0.01785595715045929, -0.028530625626444817, -0.03245652839541435, 0.03687024116516113, 0.019823547452688217, -0.0018796060467138886, 0.07257644087076187, -0.002979869721457362, 0.0197908915579319, -0.0025253845378756523, 0.057843685150146484, 0.02793090045452118, -0.005141793750226498, 0.0024076031986624002, -0.02240114100277424, 0.03328380361199379, 0.056210681796073914, -0.03543182089924812, 0.038114503026008606, -0.012198159471154213, 0.05169018357992172, -0.02030092105269432, -0.08783474564552307, 0.0294926930218935, 0.0374736487865448, 0.03371035307645798, 0.02250227890908718, -0.014485856518149376, 0.03735475242137909, -0.06118546426296234, -0.025805417448282242, -0.04337657243013382, -0.048317838460206985, 0.040180664509534836, -0.04769223928451538, 0.031086400151252747, -0.05806509777903557, 0.011675544083118439, -0.07571908086538315, 0.005993950646370649, 0.07166529446840286, 0.03752855584025383, 0.016797251999378204, 0.040783319622278214, 0.007007097825407982, -0.010892796330153942, 0.013623369857668877, 0.016389766708016396, -0.05600275471806526, 0.028511514887213707, -0.03842034935951233, 0.004616824444383383, -0.009066757746040821, 0.023847905918955803]",./aquastride_images/aquastride_DB.pdf_0.png,"| SKU | Serial_No | s_location | date_sold | cx_name | cx_address |
|---|---|---|---|---|---|
| TrailBlazer_24Blue_Wide | CZUNUK2C | Amazon_SOLD | 04-04-24 | Jane Johnson | 8699 1st St, Houston, PA 19101 |
| DepthStrider_23Red_Wide | CZR2CA91 | At_3P_SOLD | 10-19-23 | John Davis | 2593 Oak Ave, New York, CA 77001 |
| TrailBlazer_23White_Wide | CZT107Q7 | In_Warehouse_SOLD | 06-17-22 | Emily Brown | 5781 1st St, Houston, TX 60601 |
| RainWalker_24Brown_Norm | CZE5JVIQ | In_Warehouse_SOLD | 08-31-22 | David Brown | 5489 1st St, Chicago, PA 60601 |
| DepthStrider_22Black_Wide | CZ2DSI2Y | Amazon_SOLD | 08-12-23 | David Johnson | 1517 Elm St, Houston, PA 10001 |
| RainWalker_24Gray_Slim | CZ4OS85X | Amazon_SOLD | 05-14-23 | Jane Smith | 3280 Elm St, Los Angeles, TX 60601 |
| TrailBlazer_24Gray_Wide | CZXW5K6Y | At_3P_SOLD | 07-21-23 | Emily Davis | 7926 Elm St, Houston, CA 77001 |
| DepthStrider_22Black_Slim | CZI5LKVD | At_3P_SOLD | 06-08-23 | Sarah Smith | 5572 1st St, Los Angeles, CA 90001 |
| RainWalker_23Brown_Norm | CZLNZ8CU | In_Warehouse_SOLD | 04-04-23 | David Miller | 3444 Elm St, New York, TX 90001 |
| TrailBlazer_24Gray_Slim | CZRKXY5O | In_Warehouse_SOLD | 01-06-24 | John Miller | 9911 Elm St, New York, PA 90001 |
| RainWalker_24Green_Norm | CZP8UNO8 | In_Warehouse_SOLD | 10-23-23 | John Davis | 1913 Oak Ave, Los Angeles, TX 19101 |
| TrailBlazer_23Blue_Norm | CZ4L68LB | In_Warehouse_SOLD | 02-11-23 | Emily Jones | 4749 Oak Ave, Houston, CA 77001 |
| DepthStrider_24Blue_Wide | CZBHYCA2 | At_Store_SOLD | 01-19-24 | David Brown | 4665 Elm St, Chicago, IL 10001 |
| DepthStrider_22Green_Norm | CZ0959BU | In_Warehouse_SOLD | 04-18-24 | Sarah Davis | 2996 Main St, Los Angeles, NY 10001 |
| RainWalker_23Gray_Slim | CZVCT7ZE | At_Store_SOLD | 02-26-23 | Michael Davis | 7163 Elm St, Houston, TX 77001 |
| RainWalker_22Gray_Norm | CZANMV58 | In_Warehouse_SOLD | 12-24-23 | John Miller | 9815 1st St, Houston, PA 77001 |
| DepthStrider_22Gray_Wide | CZWZ3FDF | At_3P_SOLD | 06-22-22 | Jane Davis | 9477 Oak Ave, New York, IL 90001 |
| DepthStrider_24Brown_Slim | CZMQKBDX | In_Warehouse_SOLD | 04-23-23 | Emily Johnson | 5032 Elm St, Houston, IL 77001 |
| DepthStrider_23White_Wide | CZUXPDYT | At_Store_SOLD | 08-23-23 | David Davis | 639 1st St, Los Angeles, CA 60601 |
| RainWalker_23White_Wide | CZRPZI22 | At_Store_SOLD | 12-02-22 | Jane Higgens | 9904 Main St, Philadelphia, IL 10001 |
| DepthStrider_24White_Wide | CZF3PYOZ | At_3P_SOLD | 01-04-23 | John Bilith | 751 Oak Ave, Philadelphia, TX 19101 |
| TrailBlazer_23Blue_Slim | CZ4LDDSV | Amazon_SOLD | 05-03-23 | John Brown | 8751 Main St, Los Angeles, PA 60601 |
| TrailBlazer_23Green_Slim | CZIVLRWY | At_3P_SOLD | 09-23-22 | John Davis | 107 2nd Ave, Chicago, IL 10001 |
| RainWalker_24Black_Wide | CZM21Y19 | In_Warehouse_SOLD | 11-09-22 | Jane Bilith | 9804 Main St, New York, CA 90001 |
| TrailBlazer_23Blue_Norm | CZG64J35 | In_Warehouse_SOLD | 07-10-23 | John Whoger | 9107 2nd Ave, Chicago, CA 10001 |
| DepthStrider_22White_Wide | CZB9GEVX | At_Store_SOLD | 08-09-23 | Emily Dudel | 8889 Elm St, Houston, PA 10001 |
| RainWalker_24Gray_Slim | CZEQQB8G | At_3P_SOLD | 01-22-24 | Sarah Dudel | 5932 Elm St, New York, NY 19101 |
| RainWalker_24Green_Slim | CZO8PBER | At_Store_SOLD | 05-29-23 | Dudel Tigen | 4193 Elm St, Houston, TX 60601 |
| TrailBlazer_22Green_Slim | CZO1TL14 | At_3P_SOLD | 10-17-22 | Emily Johnson | 4337 Main St, Chicago, TX 10001 |
| TrailBlazer_23Brown_Wide | CZOQGYP9 | Amazon_SOLD | 01-20-24 | Jane Sower | 4485 Elm St, Chicago, IL 10001 |
| RainWalker_22Black_Wide | CZCMSRSR | In_Warehouse_SOLD | 10-01-22 | Jane Quien | 2201 Oak Ave, Los Angeles, NY 10001 |
| RainWalker_24Gray_Norm | CZ4W4O6N | Amazon_SOLD | 10-12-23 | Sarah Popto | 871 1st St, Houston, CA 19101 |
```json
[
  {
    ""SKU"": ""TrailBlazer_24Blue_Wide"",
    ""Serial_No"": ""CZUNUK2C"",
    ""s_location"": ""Amazon_SOLD"",
    ""date_sold"": ""04-04-24"",
    ""cx_name"": ""Jane Johnson"",
    ""cx_address"": ""8699 1st St, Houston, PA 19101""
  },
  {
    ""SKU"": ""DepthStrider_23Red_Wide"",
    ""Serial_No"": ""CZR2CA91"",
    ""s_location"": ""At_3P_SOLD"",
    ""date_sold"": ""10-19-23"",
    ""cx_name"": ""John Davis"",
    ""cx_address"": ""2593 Oak Ave, New York, CA 77001""
  },
  {
    ""SKU"": ""TrailBlazer_23White_Wide"",
    ""Serial_No"": ""CZT107Q7"",
    ""s_location"": ""In_Warehouse_SOLD"",
    ""date_sold"": ""06-17-22"",
    ""cx_name"": ""Emily Brown"",
    ""cx_address"": ""5781 1st St, Houston, TX 60601""
  },
  {
    ""SKU"": ""RainWalker_24Brown_Norm"",
    ""Serial_No"": ""CZE5JVIQ"",
    ""s_location"": ""In_Warehouse_SOLD"",
    ""date_sold"": ""08-31-22"",
    ""cx_name"": ""David Brown"",
    ""cx_address"": ""5489 1st St, Chicago, PA 60601""
  },
  {
    ""SKU"": ""DepthStrider_22Black_Wide"",
    ""Serial_No"": ""CZ2DSI2Y"",
    ""s_location"": ""Amazon_SOLD"",
    ""date_sold"": ""08-12-23"",
    ""cx_name"": ""David Johnson"",
    ""cx_address"": ""1517 Elm St, Houston, PA 10001""
  },
  {
    ""SKU"": ""RainWalker_24Gray_Slim"",
    ""Serial_No"": ""CZ4OS85X"",
    ""s_location"": ""Amazon_SOLD"",
    ""date_sold"": ""05-14-23"",
    ""cx_name"": ""Jane Smith"",
    ""cx_address"": ""3280 Elm St, Los Angeles, TX 60601""
  },
  {
    ""SKU"": ""TrailBlazer_24Gray_Wide"",
    ""Serial_No"": ""CZXW5K6Y"",
    ""s_location"": ""At_3P_SOLD"",
    ""date_sold"": ""07-21-23"",
    ""cx_name"": ""Emily Davis"",
    ""cx_address"": ""7926 Elm St, Houston, CA 77001""
  },
  {
    ""SKU"": ""DepthStrider_22Black_Slim"",
    ""Serial_No"": ""CZI5LKVD"",
    ""s_location"": ""At_3P_SOLD"",
    ""date_sold"": ""06-08-23"",
    ""cx_name"": ""Sarah Smith"",
    ""cx_address"": ""5572 1st St, Los Angeles, CA 90001""
  },
  {
    ""SKU"": ""RainWalker_23Brown_Norm"",
    ""Serial_No"": ""CZLNZ8CU"",
    ""s_location"": ""In_Warehouse_SOLD"",
    ""date_sold"": ""04-04-23"",
    ""cx_name"": ""David Miller"",
    ""cx_address"": ""3444 Elm St, New York, TX 90001""
  },
  {
    ""SKU"": ""TrailBlazer_24Gray_Slim"",
    ""Serial_No"": ""CZRKXY5O"",
    ""s_location"": ""In_Warehouse_SOLD"",
    ""date_sold"": ""01-06-24"",
    ""cx_name"": ""John Miller"",
    ""cx_address"": ""9911 Elm St, New York, PA 90001""
  },
  {
    ""SKU"": ""RainWalker_24Green_Norm"",
    ""Serial_No"": ""CZP8UNO8"",
    ""s_location"": ""In_Warehouse_SOLD"",
    ""date_sold"": ""10-23-23"",
    ""cx_name"": ""John Davis"",
    ""cx_address"": ""1913 Oak Ave, Los Angeles, TX 19101""
  },
  {
    ""SKU"": ""TrailBlazer_23Blue_Norm"",
    ""Serial_No"": ""CZ4L68LB"",
    ""s_location"": ""In_Warehouse_SOLD"",
    ""date_sold"": ""02-11-23"",
    ""cx_name"": ""Emily Jones"",
    ""cx_address"": ""4749 Oak Ave, Houston, CA 77001""
  },
  {
    ""SKU"": ""DepthStrider_24Blue_Wide"",
    ""Serial_No"": ""CZBHYCA2"",
    ""s_location"": ""At_Store_SOLD"",
    ""date_sold"": ""01-19-24"",
    ""cx_name"": ""David Brown"",
    ""cx_address"": ""4665 Elm St, Chicago, IL 10001""
  },
  {
    ""SKU"": ""DepthStrider_22Green_Norm"",
    ""Serial_No"": ""CZ0959BU"",
    ""s_location"": ""In_Warehouse_SOLD"",
    ""date_sold"": ""04-18-24"",
    ""cx_name"": ""Sarah Davis"",
    ""cx_address"": ""2996 Main St, Los Angeles, NY 10001""
  },
  {
    ""SKU"": ""RainWalker_23Gray_Slim"",
    ""Serial_No"": ""CZVCT7ZE"",
    ""s_location"": ""At_Store_SOLD"",
    ""date_sold"": ""02-26-23"",
    ""cx_name"": ""Michael Davis"",
    ""cx_address"": ""7163 Elm St, Houston, TX 77001""
  },
  {
    ""SKU"": ""RainWalker_22Gray_Norm"",
    ""Serial_No"": ""CZANMV58"",
    ""s_location"": ""In_Warehouse_SOLD"",
    ""date_sold"": ""12-24-23"",
    ""cx_name"": ""John Miller"",
    ""cx_address"": ""9815 1st St, Houston, PA 77001""
  },
  {
    ""SKU"": ""DepthStrider_22Gray_Wide"",
    ""Serial_No"": ""CZWZ3FDF"",
    ""s_location"": ""At_3P_SOLD"",
    ""date_sold"": ""06-22-22"",
    ""cx_name"": ""Jane Davis"",
    ""cx_address"": ""9477 Oak Ave, New York, IL 90001""
  },
  {
    ""SKU"": ""DepthStrider_24Brown_Slim"",
    ""Serial_No"": ""CZMQKBDX"",
    ""s_location"": ""In_Warehouse_SOLD"",
    ""date_sold"": ""04-23-23"",
    ""cx_name"": ""Emily Johnson"",
    ""cx_address"": ""5032 Elm St, Houston, IL 77001""
  },
  {
    ""SKU"": ""DepthStrider_23White_Wide"",
    ""Serial_No"": ""CZUXPDYT"",
    ""s_location"": ""At_Store_SOLD"",
    ""date_sold"": ""08-23-23"",
    ""cx_name"": ""David Davis"",
    ""cx_address"": ""639 1st St, Los Angeles, CA 60601""
  },
  {
    ""SKU"": ""RainWalker_23White_Wide"",
    ""Serial_No"": ""CZRPZI22"",
    ""s_location"": ""At_Store_SOLD"",
    ""date_sold"": ""12-02-22"",
    ""cx_name"": ""Jane Higgens"",
    ""cx_address"": ""9904 Main St, Philadelphia, IL 10001""
  },
  {
    ""SKU"": ""DepthStrider_24White_Wide"",
    ""Serial_No"": ""CZF3PYOZ"",
    ""s_location"": ""At_3P_SOLD"",
    ""date_sold"": ""01-04-23"",
    ""cx_name"": ""John Bilith"",
    ""cx_address"": ""751 Oak Ave, Philadelphia, TX 19101""
  },
  {
    ""SKU"": ""TrailBlazer_23Blue_Slim"",
    ""Serial_No"": ""CZ4LDDSV"",
    ""s_location"": ""Amazon_SOLD"",
    ""date_sold"": ""05-03-23"",
    ""cx_name"": ""John Brown"",
    ""cx_address"": ""8751 Main St, Los Angeles, PA 60601""
  },
  {
    ""SKU"": ""TrailBlazer_23Green_Slim"",
    ""Serial_No"": ""CZIVLRWY"",
    ""s_location"": ""At_3P_SOLD"",
    ""date_sold"": ""09-23-22"",
    ""cx_name"": ""John Davis"",
    ""cx_address"": ""107 2nd Ave, Chicago, IL 10001""
  },
  {
    ""SKU"": ""RainWalker_24Black_Wide"",
    ""Serial_No"": ""CZM21Y19"",
    ""s_location"": ""In_Warehouse_SOLD"",
    ""date_sold"": ""11-09-22"",
    ""cx_name"": ""Jane Bilith"",
    ""cx_address"": ""9804 Main St, New York, CA 90001""
  },
  {
    ""SKU"": ""TrailBlazer_23Blue_Norm"",
    ""Serial_No"": ""CZG64J35"",
    ""s_location"": ""In_Warehouse_SOLD"",
    ""date_sold"": ""07-10-23"",
    ""cx_name"": ""John Whoger"",
    ""cx_address"": ""9107 2nd Ave, Chicago, CA 90001""
  },
  {
    ""SKU"": ""DepthStrider_22White_Wide"",
    ""Serial_No"": ""CZB9GEVX"",
    ""s_location"": ""At_Store_SOLD"",
    ""date_sold"": ""08-09-23"",
    ""cx_name"": ""Emily Dudel"",
    ""cx_address"": ""8889 Elm St, Houston, PA 10001""
  },
  {
    ""SKU"": ""RainWalker_24Gray_Slim"",
    ""Serial_No"": ""CZEQQB8G"",
    ""s_location"": ""At_3P_SOLD"",
    ""date_sold"": ""01-22-24"",
    ""cx_name"": ""Sarah Dudel"",
    ""cx_address"": ""5932 Elm St, New York, NY 19101""
  },
  {
    ""SKU"": ""RainWalker_24Green_Slim"",
    ""Serial_No"": ""CZO8PBER"",
    ""s_location"": ""At_Store_SOLD"",
    ""date_sold"": ""05-29-23"",
    ""cx_name"": ""Dudel Tigen"",
    ""cx_address"": ""4193 Elm St, Houston, TX 60601""
  },
  {
    ""SKU"": ""TrailBlazer_22Green_Slim"",
    ""Serial_No"": ""CZO1TL14"",
    ""s_location"": ""At_3P_SOLD"",
    ""date_sold"": ""10-17-22"",
    ""cx_name"": ""Emily Johnson"",
    ""cx_address"": ""4337 Main St, Chicago, TX 10001""
  },
  {
    ""SKU"": ""TrailBlazer_23Brown_Wide"",
    ""Serial_No"": ""CZOQGYP9"",
    ""s_location"": ""Amazon_SOLD"",
    ""date_sold"": ""01-20-24"",
    ""cx_name"": ""Jane Sower"",
    ""cx_address"": ""4485 Elm St, Chicago, IL 10001""
  },
  {
    ""SKU"": ""RainWalker_22Black_Wide"",
    ""Serial_No"": ""CZCMSRSR"",
    ""s_location"": ""In_Warehouse_SOLD"",
    ""date_sold"": ""10-01-22"",
    ""cx_name"": ""Jane Quien"",
    ""cx_address"": ""2201 Oak Ave, Los Angeles, NY 10001""
  },
  {
    ""SKU"": ""RainWalker_24Gray_Norm"",
    ""Serial_No"": ""CZ4W4O6N"",
    ""s_location"": ""Amazon_SOLD"",
    ""date_sold"": ""10-12-23"",
    ""cx_name"": ""Sarah Popto"",
    ""cx_address"": ""871 1st St, Houston, CA 19101""
  }
]
```"
f2b282b7-dbac-49a1-b822-026f7f6fc19b,"[0.003517066827043891, -0.002709290012717247, -0.04572423920035362, 0.029930556192994118, -0.020717287436127663, 0.021494578570127487, -0.0128394840285182, 0.0011061887489631772, 0.02558983862400055, 0.003978816792368889, -0.04182218387722969, -0.011880618520081043, -0.01104993186891079, -0.025046247988939285, -0.00922479946166277, 0.058351315557956696, 0.0992596372961998, -0.09754004329442978, -0.02595560997724533, -0.010094393976032734, 0.010460841469466686, 0.01642034202814102, -0.05793775990605354, -0.033530350774526596, -0.019035067409276962, -0.05801348388195038, -0.008946562185883522, 0.011876527220010757, -0.0011068060994148254, 0.028261195868253708, 0.024223636835813522, -0.03918410837650299, -0.018759993836283684, -0.023680441081523895, 0.00857760664075613, -0.02906825765967369, 0.03049463778734207, -0.004204385913908482, 0.03826431185007095, -0.009949714876711369, 0.01769685186445713, -0.0820031613111496, 0.04897370561957359, 0.01652686297893524, -0.025064697489142418, 0.05787381902337074, -0.0206600334495306, -0.024895185604691505, -0.026590777561068535, -0.08033324778079987, 0.09309960156679153, 0.050147272646427155, -0.006406741216778755, -0.011461826972663403, -0.009298565797507763, 0.08836891502141953, -0.02223227173089981, -0.046272702515125275, -0.019191747531294823, 0.041991375386714935, 0.011131410486996174, -0.002626504050567746, -0.02144499123096466, 0.03611971065402031, -0.02099892497062683, 0.011061656288802624, 0.02831842191517353, 0.020868629217147827, 0.013756800442934036, -0.04759027063846588, -0.04349662363529205, -0.05139917507767677, -0.02878510020673275, 0.018111644312739372, -0.041934382170438766, -0.0328548327088356, 0.008343396708369255, -0.00547450128942728, 0.021787643432617188, -0.01180023979395628, -0.05474773421883583, -0.003618835471570492, -0.06421465426683426, 0.0428665429353714, 0.024678923189640045, -0.05287976190447807, -0.08946257084608078, -0.03985150530934334, -0.03556404635310173, -0.04561132937669754, 0.009750930592417717, -0.03132759779691696, -0.053737908601760864, -0.03504282608628273, 0.004162242636084557, 0.049962118268013, -0.023968318477272987, 0.13342517614364624, -0.039404332637786865, 0.0432850643992424, 0.033914320170879364, 0.0037857128772884607, 0.02633332833647728, -0.029997479170560837, 0.05430005118250847, -0.002582349581643939, -0.0676320344209671, 0.00030653836438432336, 0.008030126802623272, 0.020431363955140114, -0.10429984331130981, -0.02509457990527153, -0.019682975485920906, 0.044219307601451874, 0.02504981867969036, 0.01588408276438713, -0.04483794420957565, -0.05477391928434372, -0.08025743067264557, -0.07720453292131424, -0.04862356558442116, 0.010494545102119446, 0.06405586749315262, 0.018205150961875916, -0.03841112554073334, 0.0009480649023316801, 0.0690557137131691, 0.017132222652435303, 0.0067631397396326065, -0.015873922035098076, -0.022761374711990356, -0.03296298906207085, 0.04748547822237015, 0.05241948738694191, -0.0006343510467559099, -0.03791940584778786, -0.031597454100847244, -0.03411492705345154, 0.014751373790204525, 0.003955416847020388, 0.02765626832842827, 0.023981835693120956, 0.03695181384682655, 0.036195069551467896, 0.013315455056726933, -0.07546743005514145, -0.020958056673407555, 0.04379623383283615, 0.04296797141432762, -0.004925806540995836, -0.06705054640769958, 0.05598009377717972, -0.04122527688741684, 0.03430594876408577, 0.033366765826940536, -0.05218705162405968, -0.02075965702533722, -0.02217688038945198, 0.0258683692663908, -0.025578608736395836, -0.01340402476489544, 0.006581788882613182, 0.010704963468015194, 0.04547903314232826, 0.03381326422095299, -0.029351847246289253, 0.03891951963305473, -0.007075928151607513, -0.005609841551631689, 0.00836645346134901, -0.0033332165330648422, -0.048843272030353546, -0.05918655917048454, 0.007892488501966, 0.03446294367313385, 0.009013129398226738, 0.007980252616107464, 0.0019280875567346811, 0.026885084807872772, -0.05473773553967476, -0.03522605076432228, 0.054660018533468246, 0.018153704702854156, 0.03755193203687668, -0.13155433535575867, 0.032798271626234055, -0.0494791679084301, -0.03241647779941559, -0.051299940794706345, 0.02767825871706009, -0.07454529404640198, -0.039814699441194534, 0.01132675539702177, 0.032022275030612946, -0.00900717917829752, 0.0205808375030756, 0.0643867626786232, -0.04854431003332138, -0.03513570874929428, -0.012510383501648903, -0.006506078410893679, 0.01491899136453867, 0.012933032587170601, -0.029505755752325058, -0.012762445956468582, -0.08115873485803604, 0.023976251482963562, -0.024946685880422592, 0.02383250556886196, -0.009217068552970886, 0.0758855789899826, -0.033971138298511505, -0.029348358511924744, 0.0002381130907451734, -0.06660474836826324, -0.03567369282245636, 0.024795910343527794, -0.015334226191043854, 0.07374472171068192, -0.026905065402388573, 0.04911375790834427, 0.02673717774450779, -0.06941244006156921, 0.014920693822205067, 0.014657768420875072, -0.008088319562375546, 0.047883883118629456, -0.017994796857237816, 0.040925342589616776, 0.0501997172832489, -0.02134006656706333, 0.02493320405483246, -0.020737409591674805, 0.03405735641717911, -0.043557122349739075, -0.006456879433244467, -0.03350135684013367, -0.0004138684889767319, -0.1058616116642952, 0.015868717804551125, 0.03409826010465622, 0.0319606252014637, -0.019087493419647217, 0.021367976441979408, 0.002633213298395276, 0.008871933445334435, -0.09305533766746521, 0.11819808185100555, -0.0594300776720047, -0.03311176970601082, 0.0009741404210217297, 0.013411379419267178, -0.020185112953186035, 0.011027785949409008, 0.00865176785737276, -0.030256953090429306, -0.01857086643576622, -0.0022708966862410307, 0.016219012439250946, 0.013250485062599182, 0.0012700415682047606, 0.02168235369026661, 0.033226754516363144, -0.03762960433959961, -0.036755699664354324, -0.036963120102882385, -0.021743303164839745, -0.0015224330127239227, 0.009707517921924591, 0.012555979192256927, -0.025284210219979286, -0.02252764068543911, 0.004571243654936552, 0.008922372944653034, -0.03421342745423317, 0.003526108805090189, -0.05345717445015907, -0.023893289268016815, 0.022519242018461227, 0.046510837972164154, -0.007892139256000519, -0.011806653812527657, -0.003996934741735458, 0.032327067106962204, -0.0129893459379673, -0.006854014005511999, 0.009387720376253128, 0.06433910131454468, -0.0028820966836065054, -0.03618477284908295, 0.001754485652782023, 0.0599319227039814, 0.03813888132572174, -0.06954453140497208, 0.009007329121232033, 0.0047988262958824635, 0.03293149545788765, -0.018703436478972435, -0.004974646959453821, -0.005449668504297733, -0.008861466310918331, -0.004615330137312412, -0.03526640683412552, -0.016882600262761116, 0.01230849139392376, -0.03491683304309845, -0.04434128850698471, -0.01837301254272461, 0.08729294687509537, 0.012075239792466164, 0.014777231961488724, -0.03861914575099945, 0.03689289093017578, 0.026074819266796112, -0.03743428364396095, -0.01198166236281395, -0.015322797931730747, -0.007090138271450996, 0.0021764212287962437, 0.010252304375171661, -0.03184603899717331, 0.001473208423703909, 0.05432233586907387, -0.025226889178156853, 0.01252366416156292, -0.05106523633003235, -0.003199516562744975, 0.0373719148337841, 0.033443327993154526, -0.03717992827296257, 0.06161729618906975, 0.04064907878637314, 0.05710022151470184, 0.008590435609221458, -0.05223585665225983, -0.014822199009358883, 0.03236501291394234, 0.033088114112615585, -0.0019846369978040457, 0.01186780072748661, -0.02894367091357708, 0.05237346515059471, -0.052777696400880814, 0.020603030920028687, -0.0030861147679388523, 0.009613723494112492, -0.046539951115846634, -0.020575253292918205, -0.04687649756669998, -0.023178979754447937, 0.02207179181277752, 0.03674538433551788, -0.0022712238132953644, -0.030452104285359383, 0.031232347711920738, -0.04016878083348274, -0.022039156407117844, 0.030454367399215698, 0.02506200410425663, -0.028707053512334824, -0.024354614317417145, 0.04638466238975525, -0.023015350103378296, -0.029927998781204224, -0.03788928687572479, -0.016239995136857033, -0.04339663311839104, -0.04929952323436737, 0.016547134146094322, -0.009973770938813686, 0.007782763801515102, 0.004124301020056009, 0.007310356479138136, -0.021584762260317802, -0.002321538282558322, -0.012640461325645447, -0.019782405346632004, -0.03316487744450569, 0.004448895808309317, 0.020709823817014694, 0.007558686193078756, -0.029925398528575897, -0.045179735869169235, 0.02008059248328209, -0.05946305766701698, -0.010776864364743233, 0.014742948114871979, 0.044010259211063385, -0.015332881361246109, -0.013628343120217323, 0.002513580024242401, 0.06072530522942543, 0.06374119967222214, -0.03557327017188072, 0.007966917008161545, 0.008284656330943108, -0.005361667834222317, 0.04774925857782364, -0.0142259132117033, -0.0343240462243557, 0.023423414677381516, 0.037354420870542526, -0.05135881528258324, -0.010265625081956387, -0.01872817613184452, -0.04195559769868851, -0.029643811285495758, 0.027279958128929138, 0.01037365011870861, -0.00921759381890297, -0.001890632789582014, -0.0237681083381176, 0.02349179983139038, 6.172759640321601e-06, 0.05887708067893982, -0.08306622505187988, 0.02924245223402977, -0.039710529148578644, -0.005410098470747471, -0.03696756064891815, -0.051645033061504364, 0.0514274425804615, -0.0010756071424111724, 0.0026644400786608458, -0.018850598484277725, -0.03545479476451874, 0.020810218527913094, 0.03559958189725876, 0.06179659068584442, 0.022184718400239944, -0.06113695353269577, 0.036571942269802094, -0.033292047679424286, -0.01739131473004818, 0.044937245547771454, -0.049162283539772034, -0.014534980989992619, 0.003665920114144683, 0.0018867750186473131, 0.0061501492746174335, -0.006763556972146034, 0.009965362958610058, -0.0005298169562593102, 0.0103092510253191, -0.009689762257039547, 0.0024075661785900593, 0.0663442388176918, -0.04697275161743164, -0.00900616031140089, 0.014137638732790947, 0.04677679017186165, 0.04547526687383652, 0.029300078749656677, 0.011011737398803234, -0.017803503200411797, 0.04885851964354515, 0.02650582604110241, -0.002403790131211281, -0.022049680352211, -0.0965251699090004, 0.004662678577005863, 0.06355892866849899, 0.022169427946209908, 0.004664962645620108, 0.0480198860168457, -0.038612741976976395, -0.08086271584033966, -0.06090528517961502, 0.016069849953055382, 0.025173282250761986, 0.034685030579566956, -0.013596875593066216, 0.03324095532298088, 0.02699313871562481, -0.0077531542629003525, 0.018206829205155373, -0.02326371520757675, 0.017367448657751083, 0.007921268232166767, 0.002772243693470955, -0.036891255527734756, 0.02851494401693344, 0.02700645849108696, 0.028011446818709373, 0.03851351514458656, 0.023722337558865547, -0.009560830891132355, 0.011095589958131313, -0.00835419725626707, 0.000224013245315291, 0.012578979134559631, -0.002593804383650422, -0.029538923874497414, -0.07886791974306107, -0.0028785865288227797, -0.011982486583292484, -0.04036961495876312, 0.040266044437885284, -0.012187476269900799, -0.001839807373471558, -0.035342760384082794, 0.007562268991023302, -0.07530292868614197, 0.05141276493668556, -0.020910853520035744, 0.01074746809899807, -0.029064154252409935, 0.005071257706731558, 0.009333103895187378, 0.018643032759428024, -0.0006843472947366536, 0.013183790259063244, -0.08833390474319458, -0.06471019983291626, 0.044565752148628235, 0.034207798540592194, 0.03148658573627472, -0.09998586028814316, 0.013880056329071522, 0.031375735998153687, -0.05786192789673805, 0.002536964835599065, 0.006830594968050718, -0.03891383111476898, -0.006838461849838495, -0.01337817870080471, -0.0007887876126915216, 0.03405863419175148, 0.0385269820690155, 0.07200438529253006, 0.01142906118184328, 0.013648401945829391, -0.011355088092386723, -0.03338458761572838, -0.036794282495975494, 0.03671802207827568, 0.021195080131292343, -0.004286572337150574, 0.04090592637658119, 0.01983020082116127, 0.044791921973228455, -0.010205176658928394, -0.017508454620838165, -0.019634144380688667, -0.06093699857592583, -0.013085036538541317, 0.012688040733337402, -0.03669089451432228, -0.008223207667469978, -0.0029949485324323177, -0.030207639560103416, 0.011712955310940742, -0.024257097393274307, -0.019397886469960213, -0.011170190759003162, 0.01352692674845457, -0.0362062081694603, 0.004941524006426334, -0.002726553240790963, -0.005241118837147951, -0.023267511278390884, -0.04795641452074051, 0.026926184073090553, 0.014652866870164871, 0.0011844942346215248, -0.013374879956245422, -0.02189377136528492, 0.015267102047801018, -0.025361014530062675, 0.04184572026133537, -0.009640373289585114, -0.013990557752549648, 0.026280537247657776, 0.0721280574798584, 0.020201660692691803, -0.05981243774294853, -0.06842464208602905, 0.08382920920848846, 0.027427110821008682, 0.015623575076460838, 0.004212891682982445, 0.015872014686465263, 0.02140945754945278, 0.021766938269138336, 0.017593178898096085, 0.06159910559654236, 0.010557281784713268, -0.04868999496102333, 0.01821780763566494, -0.03671581670641899, -0.021852605044841766, -0.026373647153377533, -0.03243765980005264, 0.03230242803692818, -0.02969960868358612, 0.05174941197037697, -0.08585277944803238, 0.01648254692554474, 0.03065359592437744, -0.020007282495498657, -0.0403837114572525, 0.009565924294292927, 0.0306231752038002, 0.02841748297214508, 0.007071725092828274, -0.03997185081243515, -0.010075968690216541, 0.018281301483511925, 0.051065970212221146, -0.04732607677578926, 0.04319958761334419, -0.03652168810367584, 0.0029054267797619104, -0.012338533066213131, -0.004313766956329346, 0.05227621644735336, -0.032223984599113464, -0.071208156645298, -0.036559220403432846, 0.05995424836874008, -0.045818060636520386, -0.03601785749197006, -0.02257821522653103, 0.013996336609125137, 0.021330390125513077, -0.010448752902448177, 0.0010962247615680099, 0.046849604696035385, -0.03835125267505646, 0.04149182513356209, -0.001818452961742878, 0.005575824994593859, 0.019007962197065353, -0.02495715022087097, -0.018018072471022606, 0.02668672241270542, 0.026741433888673782, -0.004486625548452139, -0.038200199604034424, 0.020258452743291855, -0.02773199789226055, -0.03671087324619293, -0.016810433939099312, -0.027746357023715973, -0.005651654675602913, -0.04819817095994949, 0.008842122741043568, -0.0059948451817035675, -0.01416799146682024, 0.02328849956393242, -0.007916649803519249, -0.06677831709384918, -0.0353967621922493, 0.06000771000981331, -0.019785374402999878, -0.01840927079319954, 0.07423864305019379, 0.026881873607635498, -0.01889469474554062, 0.007017046213150024, 0.020711572840809822, -0.016262106597423553, -0.054554495960474014, 0.012477980926632881, -0.01186109147965908, -0.008210903964936733, -0.006812186911702156, 0.061457835137844086, -0.0316166914999485, -0.09093724191188812, -0.047942548990249634, -0.03890051320195198, 0.03186430409550667, -0.020128533244132996, -0.03928850218653679, 0.04242418333888054, -0.018561363220214844, -0.04398698732256889, -0.013193460181355476, 0.02620062418282032, 0.015414122492074966, -0.029393883422017097, 0.027942117303609848, 0.005020237993448973, -0.05705394968390465, -0.0265505388379097, 0.06392332166433334, 0.033321063965559006, -0.017333926633000374, 0.0053170425817370415, -0.022224202752113342, 0.007298534736037254, -0.023190248757600784, -0.06313901394605637, 0.003584399353712797, 0.003016912378370762, 0.007236875593662262, -0.03697216883301735, 0.031170284375548363, 0.03754426911473274, 0.02326013520359993, 0.0424499586224556, 0.03681256249547005, 0.010866430588066578, 0.04792812839150429, 0.023479191586375237, 0.03443300351500511, 0.041722819209098816, -0.06547234952449799, -0.004373221192508936, 0.02756807953119278, -0.026885999366641045, 0.006469115614891052, -0.0028749173507094383, -0.02822616882622242, -0.0253295861184597, -0.01764191873371601, 0.033003199845552444, 0.016503233462572098, -0.008815836161375046, 0.057378172874450684, -0.016412796452641487, 0.01967475563287735, 0.013218903914093971, 0.05494489520788193, 0.025083418935537338, -0.010696674697101116, 0.006491534877568483, -0.017355360090732574, 0.029315143823623657, 0.05253063887357712, -0.04095163196325302, 0.024347255006432533, -0.02109757997095585, 0.06154279038310051, -0.023790860548615456, -0.0815998837351799, 0.04387345537543297, 0.03445407748222351, 0.01727357693016529, 0.03069361485540867, -0.013065014034509659, 0.03493266925215721, -0.07839782536029816, -0.02329374849796295, -0.03424842655658722, -0.03774397820234299, 0.030975405126810074, -0.030270326882600784, 0.02353273518383503, -0.0673522800207138, 0.014559466391801834, -0.08188475668430328, 0.0015399550320580602, 0.08023195713758469, 0.04229121282696724, 0.022558430209755898, 0.031662825495004654, 0.006644121836870909, -0.01874190755188465, 0.0003528122615534812, 0.0015341409016400576, -0.06713481992483139, 0.02694787085056305, -0.0006804591394029558, -0.011505994014441967, -0.023112062364816666, 0.006641917396336794]",./aquastride_images/aquastride_DB.pdf_2.png,"TrailBlazer_22_Blue_Slim
CZ987E54
In_Warehouse
N-A
N-A
N-A
DepthStrider_23_Red_Wide
CZAB12CD
At_Store_SOLD
08-15-23
Kelsey Doe
123 Main St, Anytown, CA, 90210
RainWalker_24_Black_Norm
CZ3FGH9J
Amazon_SOLD
11-02-22
Kelsey Smith
456 Elm St, Springfield, IL, 62704
TrailBlazer_22_Green_Wide
CZEFG456
At_3P_SOLD
05-20-23
Michael Lobottom
789 Oak St, Seattle, WA, 98101
DepthStrider_23_Yellow_Slim
CZ12QW34
In_Warehouse
N-A
N-A
N-A
RainWalker_24_Gray_Norm
CZ5E7890
At_Store
N-A
N-A
N-A
TrailBlazer_22_Orange_Slim
CZ901234
Amazon
N-A
N-A
N-A
DepthStrider_23_Purple_Wide
CZYXWVUT
At_3P_SOLD
03-10-23
Emily Davis
101 Pine St, Denver, CO, 80202
RainWalker_24_Brown_Norm
CZASDFGH
In_Warehouse_SOLD
07-04-22
Robert Wilson
202 Cedar St, Boston, MA, 02108
TrailBlazer_22_Pink_Slim
CZQWERTY
At_Store_SOLD
09-28-23
Sarah Brown
303 Maple St, New York, NY, 10001
DepthStrider_23_Teal_Wide
CZUIO123
Amazon_SOLD
01-15-23
David Lee
404 Birch St, Chicago, IL, 60611
RainWalker_24_Navy_Norm
CZJKL456
At_3P
N-A
N-A
N-A
TrailBlazer_22_White_Slim
CZMNOP89
In_Warehouse_SOLD
12-25-22
Jennifer Green
505 Walnut St, Los Angeles, CA, 90012
DepthStrider_23_Silver_Wide
CZBNM567
At_Store
N-A
N-A
N-A
RainWalker_24_Gold_Norm
CZ890123
Amazon_SOLD
06-30-23
Daniel Taylor
606 Spruce St, Philadelphia, PA, 19102
TrailBlazer_22_Beige_Slim
CZ456789
At_3P_SOLD
02-22-23
Jessica Kelsen
707 Willow St, San Francisco, CA, 94105
DepthStrider_23_Olive_Wide
CZ23T567
In_Warehouse
N-A
N-A
N-A
RainWalker_24_Tan_Norm
CZ67T901
At_Store_SOLD
10-31-23
Christopher Moore
808 Poplar St, Miami, FL, 33130
TrailBlazer_22_Maroon_Slim
CZ012345
Amazon
N-A
N-A
N-A
DepthStrider_23_Coral_Wide
CZ542SOT
At_3P_SOLD
04-12-23
Olivia Young
909 Redwood St, Houston, TX, 77002
DepthStrider_24_Pink_Norm
CZ3R5678
At_3P
N-A
N-A
N-A
RainWalker_22_Blue_Slim
CZP89012
In_Warehouse_SOLD
08-28-22
Mark Davis
1010 Ocean Ave, San Diego, CA, 92109
TrailBlazer_23_Red_Wide
CZ210987
At_Store
N-A
N-A
N-A
DepthStrider_24_Green_Slim
CZ6N4321
Amazon_SOLD
12-01-22
Lisa Wilson
1111 River Rd, Portland, OR, 97204
RainWalker_22_Yellow_Wide
CZ9G3JFR
At_3P_SOLD
05-15-23
Kevin Brown
1212 Mountain Dr, Phoenix, AZ, 85001
TrailBlazer_23_Gray_Norm
CZ32ES98
In_Warehouse
N-A
N-A
N-A
DepthStrider_24_Orange_Slim
CZ7651X2
At_Store_SOLD
09-12-23
Laura Jones
1313 Forest Ln, Dallas, TX, 75230
RainWalker_22_Purple_Wide
CZG49876
Amazon
N-A
N-A
N-A
TrailBlazer_23_Brown_Slim
CZ54E210
At_3P
N-A
N-A
N-A
DepthStrider_24_Pink_Norm
CZ975310
In_Warehouse_SOLD
07-20-22
Paul Reng
1414 Lakeview Dr, Minneapolis, MN, 55401
RainWalker_22_Teal_Slim
CZ864200
At_Store
N-A
N-A
N-A
TrailBlazer_23_Navy_Wide
CZ246801
Amazon_SOLD
01-08-23
Karen Taylor
1515 Hilltop Rd, Atlanta, GA, 30301
DepthStrider_24_White_Slim
CZ357912
At_3P
N-A
N-A
N-A
RainWalker_22_Silver_Wide
CZ086421
In_Warehouse
N-A
N-A
N-A
TrailBlazer_23_Gold_Norm
CZ135792
At_Store_SOLD
06-22-23
Richard Yerk
1616 Valley Way, Charlotte, NC, 28202
DepthStrider_24_Beige_Slim
CZ468023
Amazon_SOLD
02-14-23
Susan Green
1717 Harbor Blvd, Orlando, FL, 32801
RainWalker_22_Olive_Wide
CZ579134
At_3P_SOLD
04-05-23
William Hall
1818 Prairie Ave, Austin, TX, 78701
TrailBlazer_23_Tan_Slim
CZ680245
In_Warehouse
N-A
N-A
N-A
DepthStrider_24_Maroon_Norm
CZ791356
At_Store
N-A
N-A
N-A
```json
[
  [
    ""TrailBlazer_22_Blue_Slim"",
    ""CZ987E54"",
    ""In_Warehouse"",
    ""N-A"",
    ""N-A"",
    ""N-A""
  ],
  [
    ""DepthStrider_23_Red_Wide"",
    ""CZAB12CD"",
    ""At_Store_SOLD"",
    ""08-15-23"",
    ""Kelsey Doe"",
    ""123 Main St, Anytown, CA, 90210""
  ],
  [
    ""RainWalker_24_Black_Norm"",
    ""CZ3FGH9J"",
    ""Amazon_SOLD"",
    ""11-02-22"",
    ""Kelsey Smith"",
    ""456 Elm St, Springfield, IL, 62704""
  ],
  [
    ""TrailBlazer_22_Green_Wide"",
    ""CZEFG456"",
    ""At_3P_SOLD"",
    ""05-20-23"",
    ""Michael Lobottom"",
    ""789 Oak St, Seattle, WA, 98101""
  ],
  [
    ""DepthStrider_23_Yellow_Slim"",
    ""CZ12QW34"",
    ""In_Warehouse"",
    ""N-A"",
    ""N-A"",
    ""N-A""
  ],
  [
    ""RainWalker_24_Gray_Norm"",
    ""CZ5E7890"",
    ""At_Store"",
    ""N-A"",
    ""N-A"",
    ""N-A""
  ],
  [
    ""TrailBlazer_22_Orange_Slim"",
    ""CZ901234"",
    ""Amazon"",
    ""N-A"",
    ""N-A"",
    ""N-A""
  ],
  [
    ""DepthStrider_23_Purple_Wide"",
    ""CZYXWVUT"",
    ""At_3P_SOLD"",
    ""03-10-23"",
    ""Emily Davis"",
    ""101 Pine St, Denver, CO, 80202""
  ],
  [
    ""RainWalker_24_Brown_Norm"",
    ""CZASDFGH"",
    ""In_Warehouse_SOLD"",
    ""07-04-22"",
    ""Robert Wilson"",
    ""202 Cedar St, Boston, MA, 02108""
  ],
  [
    ""TrailBlazer_22_Pink_Slim"",
    ""CZQWERTY"",
    ""At_Store_SOLD"",
    ""09-28-23"",
    ""Sarah Brown"",
    ""303 Maple St, New York, NY, 10001""
  ],
  [
    ""DepthStrider_23_Teal_Wide"",
    ""CZUIO123"",
    ""Amazon_SOLD"",
    ""01-15-23"",
    ""David Lee"",
    ""404 Birch St, Chicago, IL, 60611""
  ],
  [
    ""RainWalker_24_Navy_Norm"",
    ""CZJKL456"",
    ""At_3P"",
    ""N-A"",
    ""N-A"",
    ""N-A""
  ],
  [
    ""TrailBlazer_22_White_Slim"",
    ""CZMNOP89"",
    ""In_Warehouse_SOLD"",
    ""12-25-22"",
    ""Jennifer Green"",
    ""505 Walnut St, Los Angeles, CA, 90012""
  ],
  [
    ""DepthStrider_23_Silver_Wide"",
    ""CZBNM567"",
    ""At_Store"",
    ""N-A"",
    ""N-A"",
    ""N-A""
  ],
  [
    ""RainWalker_24_Gold_Norm"",
    ""CZ890123"",
    ""Amazon_SOLD"",
    ""06-30-23"",
    ""Daniel Taylor"",
    ""606 Spruce St, Philadelphia, PA, 19102""
  ],
  [
    ""TrailBlazer_22_Beige_Slim"",
    ""CZ456789"",
    ""At_3P_SOLD"",
    ""02-22-23"",
    ""Jessica Kelsen"",
    ""707 Willow St, San Francisco, CA, 94105""
  ],
  [
    ""DepthStrider_23_Olive_Wide"",
    ""CZ23T567"",
    ""In_Warehouse"",
    ""N-A"",
    ""N-A"",
    ""N-A""
  ],
  [
    ""RainWalker_24_Tan_Norm"",
    ""CZ67T901"",
    ""At_Store_SOLD"",
    ""10-31-23"",
    ""Christopher Moore"",
    ""808 Poplar St, Miami, FL, 33130""
  ],
  [
    ""TrailBlazer_22_Maroon_Slim"",
    ""CZ012345"",
    ""Amazon"",
    ""N-A"",
    ""N-A"",
    ""N-A""
  ],
  [
    ""DepthStrider_23_Coral_Wide"",
    ""CZ542SOT"",
    ""At_3P_SOLD"",
    ""04-12-23"",
    ""Olivia Young"",
    ""909 Redwood St, Houston, TX, 77002""
  ],
  [
    ""DepthStrider_24_Pink_Norm"",
    ""CZ3R5678"",
    ""At_3P"",
    ""N-A"",
    ""N-A"",
    ""N-A""
  ],
  [
    ""RainWalker_22_Blue_Slim"",
    ""CZP89012"",
    ""In_Warehouse_SOLD"",
    ""08-28-22"",
    ""Mark Davis"",
    ""1010 Ocean Ave, San Diego, CA, 92109""
  ],
  [
    ""TrailBlazer_23_Red_Wide"",
    ""CZ210987"",
    ""At_Store"",
    ""N-A"",
    ""N-A"",
    ""N-A""
  ],
  [
    ""DepthStrider_24_Green_Slim"",
    ""CZ6N4321"",
    ""Amazon_SOLD"",
    ""12-01-22"",
    ""Lisa Wilson"",
    ""1111 River Rd, Portland, OR, 97204""
  ],
  [
    ""RainWalker_22_Yellow_Wide"",
    ""CZ9G3JFR"",
    ""At_3P_SOLD"",
    ""05-15-23"",
    ""Kevin Brown"",
    ""1212 Mountain Dr, Phoenix, AZ, 85001""
  ],
  [
    ""TrailBlazer_23_Gray_Norm"",
    ""CZ32ES98"",
    ""In_Warehouse"",
    ""N-A"",
    ""N-A"",
    ""N-A""
  ],
  [
    ""DepthStrider_24_Orange_Slim"",
    ""CZ7651X2"",
    ""At_Store_SOLD"",
    ""09-12-23"",
    ""Laura Jones"",
    ""1313 Forest Ln, Dallas, TX, 75230""
  ],
  [
    ""RainWalker_22_Purple_Wide"",
    ""CZG49876"",
    ""Amazon"",
    ""N-A"",
    ""N-A"",
    ""N-A""
  ],
  [
    ""TrailBlazer_23_Brown_Slim"",
    ""CZ54E210"",
    ""At_3P"",
    ""N-A"",
    ""N-A"",
    ""N-A""
  ],
  [
    ""DepthStrider_24_Pink_Norm"",
    ""CZ975310"",
    ""In_Warehouse_SOLD"",
    ""07-20-22"",
    ""Paul Reng"",
    ""1414 Lakeview Dr, Minneapolis, MN, 55401""
  ],
  [
    ""RainWalker_22_Teal_Slim"",
    ""CZ864200"",
    ""At_Store"",
    ""N-A"",
    ""N-A"",
    ""N-A""
  ],
  [
    ""TrailBlazer_23_Navy_Wide"",
    ""CZ246801"",
    ""Amazon_SOLD"",
    ""01-08-23"",
    ""Karen Taylor"",
    ""1515 Hilltop Rd, Atlanta, GA, 30301""
  ],
  [
    ""DepthStrider_24_White_Slim"",
    ""CZ357912"",
    ""At_3P"",
    ""N-A"",
    ""N-A"",
    ""N-A""
  ],
  [
    ""RainWalker_22_Silver_Wide"",
    ""CZ086421"",
    ""In_Warehouse"",
    ""N-A"",
    ""N-A"",
    ""N-A""
  ],
  [
    ""TrailBlazer_23_Gold_Norm"",
    ""CZ135792"",
    ""At_Store_SOLD"",
    ""06-22-23"",
    ""Richard Yerk"",
    ""1616 Valley Way, Charlotte, NC, 28202""
  ],
  [
    ""DepthStrider_24_Beige_Slim"",
    ""CZ468023"",
    ""Amazon_SOLD"",
    ""02-14-23"",
    ""Susan Green"",
    ""1717 Harbor Blvd, Orlando, FL, 32801""
  ],
  [
    ""RainWalker_22_Olive_Wide"",
    ""CZ579134"",
    ""At_3P_SOLD"",
    ""04-05-23"",
    ""William Hall"",
    ""1818 Prairie Ave, Austin, TX, 78701""
  ],
  [
    ""TrailBlazer_23_Tan_Slim"",
    ""CZ680245"",
    ""In_Warehouse"",
    ""N-A"",
    ""N-A"",
    ""N-A""
  ],
  [
    ""DepthStrider_24_Maroon_Norm"",
    ""CZ791356"",
    ""At_Store"",
    ""N-A"",
    ""N-A"",
    ""N-A""
  ]
]
```"
9518b5f9-58b5-4c85-bab3-7dbb86650839,"[-0.019590837880969048, -0.019317638128995895, -0.038806043565273285, 0.020132390782237053, -0.016590626910328865, 0.014217628166079521, -0.010534433647990227, 0.0021400407422333956, 0.006168309133499861, 0.031388476490974426, -0.08146336674690247, -0.00987626239657402, 0.021088600158691406, -0.03323084115982056, -0.017669178545475006, 0.0714971125125885, 0.07002349197864532, -0.06614870578050613, -0.02056596428155899, -0.027611030265688896, 0.012859039939939976, -0.017665933817625046, -0.057187944650650024, -0.041638948023319244, -0.0028417834546417, -0.062217842787504196, -0.026347797363996506, -0.0022206089925020933, 0.0005991279613226652, 0.028285643085837364, 0.01431319024413824, -0.03613380715250969, 0.018984535709023476, -0.04653752222657204, 0.014734091237187386, 8.961104867921676e-06, 0.031082315370440483, 0.0010588305303826928, 0.047561876475811005, -0.014787538908421993, 0.03638024628162384, -0.06938278675079346, 0.0658116564154625, -0.012442333623766899, -0.03592420369386673, 0.05469207465648651, -0.002771737053990364, -0.03432292491197586, -0.02561783231794834, -0.07912783324718475, 0.07589200884103775, 0.04021620377898216, -0.028178157284855843, -0.012821408919990063, 0.012268991209566593, 0.07085095345973969, -0.02994375303387642, -0.03286450356245041, -0.0543895959854126, 0.013185277581214905, 0.026442578062415123, -0.005155970808118582, -0.011728444136679173, 0.03877488151192665, -0.0376802533864975, 0.02732677198946476, 0.014642268419265747, 0.017265960574150085, 0.017993375658988953, -0.0606890507042408, -0.025556810200214386, -0.03787923604249954, -0.01579607091844082, 0.009933830238878727, -0.046018537133932114, -0.04989630728960037, 0.03577427938580513, 0.014132700860500336, 0.03575494512915611, 0.00699682766571641, -0.029580263420939445, -0.014065531082451344, -0.052527714520692825, 0.05361798405647278, 0.027720382437109947, -0.06156189367175102, -0.04642125219106674, -0.039339225739240646, -0.03198136389255524, -0.02958698384463787, 0.019663553684949875, -0.03878824785351753, -0.02920311875641346, -0.0270956140011549, -0.006810981780290604, 0.045867059379816055, -0.00532697606831789, 0.12327802926301956, 0.00942037533968687, 0.046040069311857224, 0.01572730392217636, -0.005108916200697422, 0.008224581368267536, -0.042450230568647385, 0.059988658875226974, 0.0287945494055748, -0.07392627745866776, -0.006122203078120947, 0.034885164350271225, 0.004994260147213936, -0.07334329932928085, -0.024827303364872932, -0.02128714509308338, 0.06172055006027222, 0.046532515436410904, 0.02220749855041504, -0.027823051437735558, -0.020687928423285484, -0.07359657436609268, -0.07884961366653442, -0.040644142776727676, 0.03785973787307739, 0.058505572378635406, 0.0005725948140025139, -0.0529743991792202, 0.0016767916968092322, 0.050054967403411865, 0.03624734655022621, 0.015697674825787544, -0.0038974727503955364, -0.028390903025865555, -0.06032780185341835, 0.043712496757507324, 0.04356640204787254, 0.01970967836678028, -0.030575092881917953, -0.05136161670088768, -0.01314818486571312, 0.04088249057531357, 0.0373583547770977, 0.026937643066048622, 0.014452195726335049, 0.03292500227689743, 0.03998624160885811, -0.0054841493256390095, -0.07788385450839996, -0.018748151138424873, 0.022575991228222847, 0.030434370040893555, -0.012023587711155415, -0.06209564208984375, 0.09219449758529663, -0.042558081448078156, 0.03106256201863289, 0.03867329657077789, -0.05681417137384415, -0.011977116577327251, -0.01783427782356739, 0.04610057920217514, -0.036527685821056366, -0.011923779733479023, 0.013195010833442211, 0.0030619450844824314, 0.05003546178340912, 0.017859775573015213, -0.023288650438189507, 0.05296868458390236, -0.016764195635914803, -0.005838044453412294, 0.024120964109897614, -0.009701923467218876, -0.041252072900533676, -0.03295164182782173, 0.023664655163884163, 0.04110345616936684, 0.003992206417024136, 0.0045526172034442425, -0.019314784556627274, 0.024616237729787827, -0.06273636221885681, -0.048459071666002274, 0.007424077484756708, 0.006794390268623829, 0.02182064950466156, -0.13843153417110443, 0.04692758247256279, -0.026722198352217674, -0.05295415222644806, -0.04519925266504288, 0.02196989580988884, -0.09971491992473602, -0.042586952447891235, 0.0005591328372247517, 0.02555701695382595, -0.003387714736163616, 0.030369315296411514, 0.05000971630215645, -0.0455857515335083, -0.04308943450450897, -0.004978909157216549, -0.02373562566936016, -0.01277963723987341, 0.0022193684708327055, -0.06144125387072563, -0.007950958795845509, -0.05000309273600578, 0.027991654351353645, 0.0020087282173335552, 0.02556891366839409, -0.030939025804400444, 0.05688919126987457, -0.01668701320886612, -0.014036521315574646, -0.02422168105840683, -0.061487745493650436, -0.04679811745882034, 0.0003435920807532966, -0.010050118900835514, 0.049954503774642944, -0.02564140409231186, 0.05057775229215622, 0.02597831003367901, -0.06765703856945038, 0.03989609703421593, 0.004539639689028263, -0.016291504725813866, 0.06512189656496048, -0.005655332934111357, 0.043222375214099884, 0.05530647188425064, -0.03537481278181076, 0.0038645840249955654, 0.007624540012329817, 0.06253286451101303, -0.03214984014630318, -0.013044898398220539, -0.038952551782131195, -0.02573241852223873, -0.060565754771232605, -0.027648111805319786, 0.012886133044958115, 0.004219160880893469, -0.032930076122283936, 0.024383507668972015, -0.007130940444767475, 0.02361302450299263, -0.08107020705938339, 0.08517279475927353, -0.06293400377035141, -0.01968051865696907, -0.016104806214571, 0.004453093744814396, -0.018046094104647636, 0.005374374333769083, 0.06513358652591705, 0.0019995917100459337, -0.030870016664266586, -0.003846214385703206, 0.014145988039672375, 0.016485176980495453, -0.019963694736361504, 0.0297425277531147, 0.01641523279249668, -0.06071758270263672, -0.011158579960465431, -0.044895827770233154, -0.01695645973086357, -0.022095315158367157, -0.01862270198762417, 0.016459403559565544, -0.03568220138549805, -0.014059167355298996, 0.015209625475108624, 0.024653572589159012, -0.02891623228788376, 0.013530836440622807, -0.08232518285512924, -0.028493322432041168, 0.015729786828160286, 0.037809308618307114, -0.00023923476692289114, -0.01791057549417019, -0.010861673392355442, 0.04693455994129181, -0.020326104015111923, 0.0013897026656195521, 0.023415036499500275, 0.06243492290377617, -0.008855177089571953, -0.03603481128811836, -0.01738760806620121, 0.05548161640763283, 0.055536944419145584, -0.056406352669000626, 0.014752536080777645, 0.007993682287633419, 0.04961557313799858, -0.004002145491540432, -0.046771340072155, 0.013391516171395779, -0.028834102675318718, 0.021380024030804634, -0.022063177078962326, -0.013025442138314247, -0.0004688882327172905, -0.03771311044692993, -0.01863515004515648, 0.0010844848584383726, 0.057143475860357285, -0.01133734267205, -0.00625497754663229, -0.003567144274711609, 0.02873794548213482, 0.024779126048088074, -0.06283124536275864, -0.033154863864183426, -0.019355129450559616, -0.009575601667165756, 0.04510826990008354, -0.005051515530794859, -0.02770574577152729, -0.018173350021243095, 0.058168794959783554, -0.019980937242507935, 0.01660163886845112, -0.04218869283795357, 0.0058718579821288586, 0.04501444846391678, 0.020089557394385338, -0.04274133965373039, 0.036359697580337524, 0.02410535328090191, 0.04946519434452057, 0.038031186908483505, -0.05920533835887909, -0.01156275812536478, 0.028742289170622826, 0.017789294943213463, 0.004381852690130472, 0.01217215321958065, -0.014429047703742981, 0.05515044182538986, -0.0683894082903862, 0.020695917308330536, -0.01828775741159916, 0.015364957973361015, -0.030179273337125778, -0.04055527597665787, -0.014585129916667938, 0.007169330958276987, 0.03565473482012749, 0.03815475478768349, 0.0015567786758765578, -0.02775079384446144, 0.032424356788396835, -0.049906305968761444, -0.02267502248287201, 0.025991281494498253, 0.025449123233556747, -0.030844559893012047, -0.025385145097970963, 0.05844788998365402, -0.026958370581269264, -0.038233254104852676, -0.040658872574567795, 0.010331644676625729, -0.03248918429017067, -0.03770414739847183, 0.013302160426974297, -0.026724975556135178, 0.004773776978254318, -0.0013164103729650378, 0.013274677097797394, -0.026812836527824402, 0.0036201903130859137, -0.014740352518856525, -0.0189253818243742, -0.025493884459137917, 0.011004315689206123, 0.00733211450278759, 0.0008382558007724583, -0.006593433674424887, -0.04514529928565025, 0.04294819012284279, -0.07575826346874237, 0.014594553038477898, 0.01576889120042324, 0.046583276242017746, -0.0023284079506993294, 0.017767449840903282, -0.015825537964701653, 0.06349387019872665, 0.05741683393716812, -0.016968464478850365, 0.003952661994844675, -0.009134187363088131, 0.010360069572925568, 0.0638548731803894, -0.02439257502555847, -0.031155504286289215, 0.0331091433763504, 0.018188225105404854, -0.02879759669303894, -0.0006649567512795329, -0.017740052193403244, -0.027377434074878693, 0.0014927922748029232, 0.009558371268212795, 0.0010565597331151366, 0.01606658101081848, 0.0015088897198438644, -0.032402124255895615, 0.039798129349946976, 0.002036392455920577, 0.039989981800317764, -0.05832112953066826, 0.03438064455986023, -0.030200883746147156, 0.0012076612329110503, -0.06338191032409668, -0.03587812930345535, 0.07910093665122986, 0.02508424036204815, -0.004158982541412115, -0.020528163760900497, -0.019785532727837563, 0.03955232724547386, 0.02397363819181919, 0.059104885905981064, 0.013738731853663921, -0.06158687174320221, 0.054368291050195694, -0.04826521500945091, -0.0050049941055476665, 0.04227538779377937, -0.0520201176404953, -0.02286738157272339, -0.03303665667772293, 0.011079895310103893, 0.01218453049659729, 0.007601330988109112, 0.020112087950110435, 0.025988057255744934, 0.007360901217907667, -0.014448300004005432, 0.025081448256969452, 0.08297690004110336, -0.044588204473257065, -1.8386839656159282e-05, 0.03500997647643089, 0.022818900644779205, 0.06887764483690262, 0.031574271619319916, 0.0013555553741753101, -0.0060483780689537525, 0.03802771866321564, 0.020741209387779236, -0.03490240126848221, -0.011149629950523376, -0.08615614473819733, 0.006830147933214903, 0.06128031015396118, 0.03598315268754959, 0.02094896137714386, 0.06426384299993515, -0.04576290771365166, -0.06310265511274338, -0.06331881880760193, 0.02442953735589981, -0.005108616780489683, -0.0032687587663531303, -0.025925973430275917, 0.0300349909812212, 0.040393900126218796, -0.009161112830042839, 0.04738231003284454, -0.020215144380927086, 0.04933108389377594, 0.01277397945523262, -0.002416538307443261, -0.031186798587441444, 0.027277247980237007, 0.04049764573574066, 0.05421353504061699, 0.030809618532657623, 0.015729958191514015, -0.028887661173939705, -0.02305029332637787, -0.00297001120634377, -0.00026829392299987376, 0.0009227756527252495, -0.009661887772381306, -0.010890998877584934, -0.08495110273361206, 0.0067274970933794975, -0.004690844565629959, -0.043912529945373535, 0.027292491868138313, -0.022683074697852135, 0.004505794029682875, -0.04413846135139465, 0.03289033845067024, -0.1031658872961998, 0.046199437230825424, -0.01618862897157669, -0.0002685325453057885, -0.008216426707804203, 0.01958702877163887, -0.016974490135908127, 0.013018053956329823, 0.003462634515017271, 0.006844855844974518, -0.08158440887928009, -0.052350763231515884, 0.05695962533354759, 0.02210625447332859, 0.041139401495456696, -0.09835062175989151, 0.005665358155965805, 0.03582253307104111, -0.054289985448122025, 0.010457872413098812, 0.0016997024649754167, -0.029193542897701263, -0.004933689255267382, 0.023237159475684166, -0.012424333021044731, 0.03727726638317108, 0.04670692980289459, 0.08621611446142197, -0.005410260986536741, 0.011291299015283585, -0.004609658848494291, -0.0356706939637661, -0.04501030594110489, 0.03855999931693077, 0.018161483108997345, -0.016577458009123802, 0.03424791619181633, 0.011246105656027794, 0.027782456949353218, 0.003744441783055663, -0.0190663393586874, -0.015705928206443787, -0.027767866849899292, 0.004696761257946491, -0.01058758795261383, -0.05107348412275314, -0.01975393295288086, -0.0008553695515729487, 0.0038360736798495054, 0.011708025820553303, -0.02062046527862549, -0.011775585822761059, -0.012205487117171288, 0.008405818603932858, -0.04348611459136009, -0.014144198969006538, -0.0192218329757452, -0.010867327451705933, -0.00439800601452589, -0.02999584749341011, 0.01403501071035862, -0.0023665856570005417, -0.02082587406039238, -0.041068289428949356, -0.03236551210284233, 0.008414479903876781, -0.022936774417757988, 0.04538143053650856, -0.01846121810376644, -0.006375445518642664, 0.007889057509601116, 0.07585589587688446, 0.004426928237080574, -0.06698033213615417, -0.06572879105806351, 0.06374836713075638, 0.016885634511709213, 0.014946216717362404, 0.007823838852345943, 0.004206777550280094, 0.03433138504624367, 0.013108756393194199, 0.020803499966859818, 0.03835442662239075, 0.016992583870887756, -0.059857077896595, 0.004130600485950708, -0.0562644898891449, -0.00807441771030426, -0.024340178817510605, -0.01393989846110344, 0.04432731121778488, -0.00840337947010994, 0.03867485746741295, -0.07590128481388092, 0.024808024987578392, 0.05553097277879715, -0.029016967862844467, -0.04165302962064743, 0.014827041886746883, 0.02451695129275322, 0.04492541030049324, 0.02432461455464363, -0.032311443239450455, -0.018356572836637497, 0.010292323306202888, 0.04871034249663353, -0.024264615029096603, 0.05647503584623337, -0.03612133860588074, 0.001282010693103075, 0.020601054653525352, 0.0014402420492842793, 0.06486871093511581, -0.01996021345257759, -0.05755140632390976, -0.04507167637348175, 0.0533205009996891, -0.034950319677591324, -0.03870058059692383, -0.04262000322341919, -0.0012395937228575349, 0.023744404315948486, -0.01563255861401558, -0.01574389450252056, 0.023691758513450623, -0.0067236837930977345, 0.04747502878308296, -0.008203551173210144, 0.02928991988301277, -0.005707297939807177, -0.021619249135255814, -0.015018641017377377, 0.02652653492987156, 0.0300447978079319, -0.02114637941122055, -0.006331667769700289, 0.0053280796855688095, -0.015655793249607086, -0.020287372171878815, -0.003650474129244685, -0.012481583282351494, -0.0059301843866705894, -0.05236107483506203, 0.0027022159192711115, 0.006307860370725393, -0.0047244783490896225, 0.0055931187234818935, -0.00022109602286946028, -0.06066551059484482, -0.04476078227162361, 0.05735776200890541, -0.029689891263842583, 0.0021637198515236378, 0.08726345747709274, 0.022034870460629463, -0.029181521385908127, -0.005612743552774191, 0.028287824243307114, -0.021680859848856926, -0.03933996707201004, 0.020157182589173317, 0.027391912415623665, -0.014431707561016083, -0.028223995119333267, 0.0501241609454155, -0.04400024190545082, -0.09121261537075043, -0.06734421849250793, -0.028933338820934296, 0.0137960659340024, -0.01893850415945053, -0.043292369693517685, -0.005358173046261072, -0.0007274043164215982, -0.056204017251729965, -0.03444582223892212, 0.041506581008434296, 0.013303958810865879, -0.03971853852272034, 0.03308703377842903, -0.0008101116982288659, -0.0473279245197773, -0.024326743558049202, 0.06404656171798706, 0.04361477494239807, -0.007553702685981989, 0.006688955705612898, -0.030775150284171104, 0.0018053097883239388, -0.008889556862413883, -0.06320919096469879, 0.0021561551839113235, 0.003034553723409772, 0.010119332931935787, -0.043246977031230927, 0.06039464473724365, 0.012514039874076843, 0.007633057422935963, 0.024875789880752563, 0.036390408873558044, 0.013318464159965515, 0.04096149653196335, 0.024352822452783585, -0.01245598029345274, 0.051158905029296875, -0.067960724234581, 0.022472575306892395, 0.010482437908649445, -0.02985038049519062, 0.008722455240786076, -0.015800997614860535, -0.026099879294633865, -0.039099082350730896, -0.027148926630616188, 0.03113359771668911, 0.018207989633083344, -0.024423088878393173, 0.08035998046398163, -0.03264634311199188, 0.05692744255065918, 0.0014677434228360653, 0.030805306509137154, 0.018498791381716728, -0.0019130697473883629, -0.021642368286848068, -0.009283650666475296, 0.007298432756215334, 0.01823592744767666, -0.0303216390311718, 0.05497460439801216, -0.021865537390112877, 0.052127592265605927, -0.02371833473443985, -0.09701263904571533, 0.014998410828411579, 0.03489609435200691, 0.008863161318004131, 0.0372919887304306, 0.0025889358948916197, 0.05023593828082085, -0.04587281495332718, -0.011815126053988934, -0.03585083782672882, -0.06160501018166542, 0.033201441168785095, -0.028512440621852875, 0.031450871378183365, -0.07823464274406433, -0.0049574896693229675, -0.04955799877643585, 0.0038934387266635895, 0.06921521574258804, 0.05025383457541466, 0.03166668489575386, 0.020065298303961754, 0.012064463458955288, -0.03045685775578022, -0.0047552743926644325, 0.005851656198501587, -0.06282683461904526, 0.007467100862413645, -0.0047262366861104965, 0.014810542576014996, -0.009796557947993279, -0.0010335490806028247]",./aquastride_images/aquastride_DB.pdf_3.png,"Here's all the text content extracted from the image, organized by line:

RainWalker_22_Coral_Slim
CZ204683 Amazon
N-A
N-A
N-A
DepthStrider_22_Blue_Slim
CZ908765 At_3P
N-A
N-A
N-A
RainWalker_23_Red_Wide
CZ432109 In_Warehouse
N-A
N-A
N-A
TrailBlazer_24_Black_Norm
CZ876543 At_Store_SOLD
08-05-23 Mary Williams
1919 Sunset Blvd, Hollywood, CA, 90068
DepthStrider_22_Green_Wide
CZ34T678 Amazon
N-A
N-A
N-A
RainWalker_23_Yellow_Slim
CZ210J87 At_3P_SOLD
11-18-22 George Thomas
2020 Central Park, New York, NY, 10024
TrailBlazer_24_Gray_Norm
CZ654321 In_Warehouse_SOLD
05-30-23 Patricia Paylon
2121 Broadway, Nashville, TN, 37203
DepthStrider_22_Orange_Slim
CZ987EF4 At_Store
N-A
N-A
N-A
RainWalker_23_Purple_Wide
CZ34D398 Amazon_SOLD
03-25-23 Ronald Davis
2222 Peachtree St, Atlanta, GA, 30303
TrailBlazer_24_Brown_Norm
CZ763R32 At_3P_SOLD
07-10-22 Barbara Wilson
2323 Canal St, New Orleans, LA, 70112
DepthStrider_22_Pink_Slim
CZ10T876 In_Warehouse
N-A
N-A
N-A
RainWalker_23_Teal_Wide
CZ54WE10 At_Store_SOLD
09-03-23 Joseph Moore
2424 Michigan Ave, Chicago, IL, 60601
TrailBlazer_24_Navy_Norm
CZ987FE4 Amazon
N-A
N-A
N-A
DepthStrider_22_White_Slim
CZ3H4D98 At_3P_SOLD
12-31-22 Linda Jackson
2525 Pennsylvania Ave, Washington, DC, 20500
RainWalker_23_Silver_Wide
CZ72D432 In_Warehouse_SOLD
06-15-23 James Anderson
2626 Atlantic Ave, Virginia Beach, VA, 23451
TrailBlazer_24_Gold_Norm
CZ1098T6 At_Store
N-A
N-A
N-A
DepthStrider_22_Beige_Slim
CZ543210 Amazon_SOLD
02-09-23 Karen Harris
2727 Wilshire Blvd, Los Angeles, CA, 90057
RainWalker_23_Olive_Wide
CZ987654 At_3P
N-A
N-A
N-A
TrailBlazer_24_Tan_Norm
CZ321098 In_Warehouse_SOLD
04-20-23 Charles Teir
2828 Biscayne Blvd, Miami, FL, 33132
DepthStrider_22_Maroon_Slim
CZ765432 At_Store
N-A
N-A
N-A
RainWalker_23_Coral_Wide
CZ109876 Amazon_SOLD
10-22-22 Dorothy Tuean
2929 Camelback Rd, Phoenix, AZ, 85016
TrailBlazer_22_Blue_Norm
CZ5T7890 At_3P_SOLD
08-01-23 Patricia Qien
3030 Peachtree St, Atlanta, GA, 30308
DepthStrider_23_Red_Slim
CZ123456 In_Warehouse
N-A
N-A
N-A
RainWalker_24_Black_Wide
CZABCDEF At_Store_SOLD
11-12-22 Robert Davis
3131 Wilshire Blvd, Los Angeles, CA, 90010
TrailBlazer_22_Green_Norm
CZ234567 Amazon
N-A
N-A
N-A
DepthStrider_23_Yellow_Slim
CZ345678 At_3P
N-A
N-A
N-A
RainWalker_24_Gray_Wide
CZ4567T9 In_Warehouse_SOLD
05-08-23 Linda Wilson
3232 Michigan Ave, Chicago, IL, 60601
TrailBlazer_22_Orange_Norm
CZ567890 At_Store
N-A
N-A
N-A
DepthStrider_23_Purple_Slim
CZ678901 Amazon_SOLD
03-18-23 James Bluem
3333 Bourbon St, New Orleans, LA, 70116
RainWalker_24_Brown_Wide
CZ789012 At_3P_SOLD
07-22-22 Jennifer Lee
3434 Fifth Ave, New York, NY, 10001
TrailBlazer_22_Pink_Norm
CZ89K123 In_Warehouse
N-A
N-A
N-A
DepthStrider_23_Teal_Slim
CZ901R34 At_Store_SOLD
09-30-23 Michael Yolgert
3535 South Beach, Miami Beach, FL, 33139
RainWalker_24_Navy_Wide
CZA1B2C3 Amazon
N-A
N-A
N-A
TrailBlazer_22_White_Norm
CZD4E5F6 At_3P
N-A
N-A
N-A
DepthStrider_23_Silver_Slim
CZG7H819 In_Warehouse_SOLD
12-10-22 Emily Davis
3636 Las Vegas Blvd, Las Vegas, NV, 89109
RainWalker_24_Gold_Wide
CZJ0K1L2 At_Store
N-A
N-A
N-A
TrailBlazer_22_Beige_Norm
CZM3N405 Amazon_SOLD
06-05-23 Daniel Taylor
3737 Beale St, Memphis, TN, 38103
The image contains a table with 6 columns. The column headers are not explicitly provided but can be inferred from the data. Based on the content, the columns are:

1.  **Product Name** (e.g., RainWalker_22_Coral_Slim)
2.  **ID** (e.g., CZ204683)
3.  **Location/Status** (e.g., Amazon, At_3P, In_Warehouse, At_Store_SOLD)
4.  **Date** (e.g., 08-05-23, N-A)
5.  **Name** (e.g., Mary Williams, N-A)
6.  **Address** (e.g., 1919 Sunset Blvd, Hollywood, CA, 90068, N-A)

The OCR output often splits a single logical row across multiple lines, and sometimes combines multiple fields on a single line. To reconstruct the table, I will process the OCR line by line, identifying the start of a new row by the ""Product Name"" pattern, and then accumulating subsequent lines until a full row (6 columns) is formed or a new product name is encountered.

Here's the structured data:

```json
[
  {
    ""Product Name"": ""RainWalker_22_Coral_Slim"",
    ""ID"": ""CZ204683"",
    ""Location/Status"": ""Amazon"","
e7da31f0-aa37-4eab-a648-67c4bcb057ec,"[0.004845778923481703, -0.009412978775799274, -0.04789213091135025, 0.03293466195464134, -0.015481253154575825, 0.02327476628124714, -0.01454244740307331, 0.013324362225830555, 0.015445002354681492, 0.0014241421595215797, -0.043257880955934525, -0.014528400264680386, -0.00969874206930399, -0.017323795706033707, -0.00984288565814495, 0.061403289437294006, 0.09423024952411652, -0.09261166304349899, -0.03327814117074013, -0.02178354002535343, 0.018417607992887497, 0.013155066408216953, -0.06906648725271225, -0.04140062630176544, -0.023344721645116806, -0.051410987973213196, 0.0013614504132419825, 0.016092631965875626, -0.009731018915772438, 0.03256245329976082, 0.02661934681236744, -0.048723381012678146, -0.0073135667480528355, -0.026500970125198364, 0.00819939374923706, -0.03045019879937172, 0.032492633908987045, 0.006726160179823637, 0.04713083431124687, -0.00733767356723547, 0.02415640465915203, -0.07517509907484055, 0.05474548414349556, 0.01600717380642891, -0.02224126271903515, 0.06229674071073532, -0.015025906264781952, -0.017752954736351967, -0.020569760352373123, -0.08308134973049164, 0.09510169923305511, 0.056524306535720825, 0.0004961218219250441, -0.017126278951764107, -0.004677781835198402, 0.0775238424539566, -0.03065115585923195, -0.039448704570531845, -0.025325648486614227, 0.04891789332032204, 0.01642581634223461, -0.0036918448749929667, -0.016006624326109886, 0.03438904508948326, -0.026819253340363503, 0.014833818189799786, 0.019407903775572777, 0.01862146146595478, 0.01640891283750534, -0.056289903819561005, -0.06466865539550781, -0.04911359027028084, -0.02039412036538124, 0.023592950776219368, -0.03379948437213898, -0.029491160064935684, 0.013763634487986565, 4.9785012379288673e-05, 0.018754810094833374, -0.009817521087825298, -0.05892249941825867, -0.0012098507722839713, -0.058532845228910446, 0.051126878708601, 0.0210829246789217, -0.05892176926136017, -0.0893193930387497, -0.0367615632712841, -0.0404321663081646, -0.038876645267009735, 0.008293960243463516, -0.042402904480695724, -0.04504615068435669, -0.03140982612967491, 0.0068275476805865765, 0.05139046162366867, -0.015655379742383957, 0.12638691067695618, -0.03299500420689583, 0.050244756042957306, 0.028571004047989845, 0.005871720612049103, 0.008055061101913452, -0.03435876965522766, 0.05541899800300598, 0.001240760670043528, -0.055210549384355545, 0.002603966975584626, 0.007313894107937813, 0.019249947741627693, -0.10166151821613312, -0.01163732260465622, -0.025778913870453835, 0.053715258836746216, 0.04144689813256264, 0.025464888662099838, -0.03911980986595154, -0.052067384123802185, -0.08638470619916916, -0.07784345000982285, -0.043994419276714325, 0.012160854414105415, 0.0574893057346344, 0.008889532648026943, -0.03110916167497635, -0.001077254768460989, 0.06457854807376862, 0.01299187634140253, 0.013041685335338116, -0.013467024080455303, -0.02578500472009182, -0.033742159605026245, 0.0485340915620327, 0.04354703798890114, -0.004131028428673744, -0.0371062271296978, -0.03493999317288399, -0.038226403295993805, 0.016221361234784126, 0.01702178455889225, 0.03241632878780365, 0.02312493696808815, 0.03139321133494377, 0.042263008654117584, 0.012818733230233192, -0.07156801223754883, -0.023509293794631958, 0.03885273635387421, 0.039256952702999115, -0.008671117946505547, -0.07941298931837082, 0.06808892637491226, -0.04077591001987457, 0.03276744857430458, 0.04079879820346832, -0.061770834028720856, -0.025745101273059845, -0.013132007792592049, 0.029401056468486786, -0.025315972045063972, -0.008129258640110493, 0.006882454268634319, 0.015694821253418922, 0.05261440575122833, 0.02923458442091942, -0.01884843036532402, 0.03440914675593376, -0.007560668978840113, -0.012867966666817665, 0.003763486398383975, -0.0006832432118244469, -0.046065982431173325, -0.06137116998434067, -0.009471810422837734, 0.03798212110996246, 0.005422455724328756, -0.0009245891706086695, 0.0036669839173555374, 0.021223856136202812, -0.05939435586333275, -0.02335328795015812, 0.04516395926475525, 0.021920716390013695, 0.03374941647052765, -0.1298474222421646, 0.026074232533574104, -0.04848373308777809, -0.04100828245282173, -0.04944003000855446, 0.029561705887317657, -0.0712219625711441, -0.047984395176172256, 0.007649384438991547, 0.03294407203793526, -0.01062580943107605, 0.011682585813105106, 0.05704130232334137, -0.05111974477767944, -0.029248766601085663, -0.002713426947593689, 0.004824027884751558, 0.010118713602423668, 0.007411263417452574, -0.03731071949005127, -0.01248377375304699, -0.08290272951126099, 0.008325296454131603, -0.016211172565817833, 0.02302282303571701, -0.006953843403607607, 0.06374752521514893, -0.036874108016490936, -0.03221011906862259, -0.0012945448979735374, -0.05592523515224457, -0.03613799437880516, 0.024568898603320122, -0.02082495577633381, 0.07421254366636276, -0.025238534435629845, 0.05572358891367912, 0.02804603800177574, -0.06291612982749939, 0.009142621420323849, 0.011057192459702492, -0.005109526216983795, 0.05007021129131317, -0.015158124268054962, 0.051101669669151306, 0.04829259589314461, -0.025535142049193382, 0.032196637243032455, -0.009867443703114986, 0.03592533618211746, -0.0450785793364048, -0.013975666835904121, -0.035672347992658615, -0.0030064252205193043, -0.09263785928487778, 0.009248368442058563, 0.03318937122821808, 0.03537997230887413, -0.01847212016582489, 0.036929573863744736, 0.0089365029707551, 0.02023394964635372, -0.08530223369598389, 0.11958666145801544, -0.04639165848493576, -0.027320507913827896, -0.008823278360068798, 0.011892933398485184, -0.02302335761487484, 0.009686852805316448, 0.010558618232607841, -0.026684563606977463, -0.00991576723754406, -0.0040867687202990055, 0.012057648040354252, 0.018287669867277145, 0.0005094559164717793, 0.01659519597887993, 0.03419269248843193, -0.04458482563495636, -0.029469367116689682, -0.039484184235334396, -0.024812977761030197, -0.005063528660684824, -0.0035797404125332832, 0.008127697743475437, -0.023070452734827995, -0.020508132874965668, 0.005510466638952494, 0.014765657484531403, -0.0351441353559494, 0.003111699828878045, -0.05623801425099373, -0.013281399384140968, 0.02011628821492195, 0.04997090995311737, -0.006341698579490185, -0.015766996890306473, -0.0028124742675572634, 0.03360847011208534, -0.013264303095638752, 0.0018697978230193257, -0.0012445757165551186, 0.06966755539178848, 0.008366817608475685, -0.03244135528802872, -0.012854273431003094, 0.05720081180334091, 0.04221693053841591, -0.07277212291955948, 0.00722132483497262, -0.0029752992559224367, 0.038793012499809265, -0.014892106875777245, -0.024869969114661217, -0.0006878121639601886, -0.016673190519213676, -0.001074526458978653, -0.03041117638349533, -0.013554910197854042, 0.015236691571772099, -0.035308096557855606, -0.04529469087719917, -0.021387748420238495, 0.07852501422166824, 0.007692534476518631, 0.021258387714624405, -0.03368145972490311, 0.0394584983587265, 0.02891012467443943, -0.03932438790798187, -0.017243867740035057, -0.021643636748194695, -0.011225877329707146, 0.004919156897813082, 0.0029063979163765907, -0.026651926338672638, 0.0019846376962959766, 0.052917346358299255, -0.02816089242696762, 0.005300465505570173, -0.047235071659088135, -0.008997076191008091, 0.034900110214948654, 0.03679077699780464, -0.04333309829235077, 0.06080707162618637, 0.04646880179643631, 0.06762426346540451, 0.004516530781984329, -0.05395982414484024, -0.011034584604203701, 0.026056062430143356, 0.03832731023430824, -0.0034391391091048717, 0.015056619420647621, -0.019969113171100616, 0.0543053038418293, -0.059545475989580154, 0.01722082309424877, 0.003781815292313695, 0.010806374251842499, -0.04591984674334526, -0.01431998796761036, -0.05212164297699928, -0.0216666329652071, 0.018249008804559708, 0.03355235233902931, 0.00708510959520936, -0.034007154405117035, 0.03330831602215767, -0.036082673817873, -0.016059311106801033, 0.0318140871822834, 0.016078036278486252, -0.028122561052441597, -0.02467273361980915, 0.04781581461429596, -0.016121521592140198, -0.033807940781116486, -0.04337770864367485, -0.012964118272066116, -0.04557318985462189, -0.044461168348789215, 0.016505304723978043, -0.01877271942794323, 0.008568535558879375, 0.0032723075710237026, -0.00783554557710886, -0.0326976515352726, 0.0018768678419291973, -0.007338043302297592, -0.016470473259687424, -0.026872368529438972, 0.005296826362609863, 0.018054774031043053, -0.000289800955215469, -0.030183326452970505, -0.04256891831755638, 0.022030910477042198, -0.053116001188755035, -0.01044190302491188, 0.016278687864542007, 0.038505300879478455, -0.016848929226398468, -0.004695267882198095, -0.005672303959727287, 0.05282100662589073, 0.06164590269327164, -0.03378481790423393, 0.010448327288031578, 0.005656025372445583, -0.0011382339289411902, 0.04981290549039841, -0.01084811519831419, -0.030819861218333244, 0.02534797601401806, 0.03524617850780487, -0.03718723729252815, -0.008910228498280048, -0.012292097322642803, -0.04464664310216904, -0.028227563947439194, 0.01834484562277794, 0.013866805471479893, -0.008148650638759136, -0.0003696942876558751, -0.021262886002659798, 0.027745215222239494, -0.007142256014049053, 0.04984107241034508, -0.07934628427028656, 0.029570143669843674, -0.044070709496736526, -0.010476185008883476, -0.047075822949409485, -0.06281206756830215, 0.051552265882492065, 0.0001274543028557673, 0.014257245697081089, -0.017220187932252884, -0.04144630208611488, 0.021532457321882248, 0.03349209576845169, 0.06585493683815002, 0.020696254447102547, -0.06272595375776291, 0.02947276271879673, -0.036679912358522415, -0.004311676137149334, 0.040779564529657364, -0.05517059564590454, -0.01467075478285551, -0.0027854342479258776, 0.007668689824640751, -0.0006726117571815848, -0.0017469736048951745, 0.017131030559539795, -0.0057324995286762714, 0.011627284809947014, -0.004048646427690983, 0.0032713713590055704, 0.07003062963485718, -0.04572465270757675, -0.006652170792222023, 0.013149763457477093, 0.04846176877617836, 0.0544675812125206, 0.03399413079023361, 0.008188238367438316, -0.011482113040983677, 0.05229887366294861, 0.027712926268577576, -0.011359774507582188, -0.026369091123342514, -0.08557763695716858, -0.004140718374401331, 0.05853429436683655, 0.0133651839569211, 0.014784926548600197, 0.04863980785012245, -0.036351121962070465, -0.08304452896118164, -0.059402067214250565, 0.015735801309347153, 0.02002059295773506, 0.019047122448682785, -0.0173794012516737, 0.03704198822379112, 0.01872250996530056, -0.009135567583143711, 0.03281198441982269, -0.028876107186079025, 0.020331500098109245, 0.015382357873022556, -0.002691268688067794, -0.02786356210708618, 0.03997516259551048, 0.021320665255188942, 0.0354766771197319, 0.04296720027923584, 0.02152332291007042, -0.007900292053818703, 0.006389445159584284, -0.018954908475279808, -0.0008372822194360197, 0.011495153419673443, -0.0006341162952594459, -0.03797372803092003, -0.07748718559741974, -0.008936932310461998, -0.008477997034788132, -0.04733537137508392, 0.040676817297935486, -0.014268681406974792, 0.0004456198075786233, -0.03587526082992554, 0.016818605363368988, -0.08130904287099838, 0.059091147035360336, -0.02091057039797306, 0.007595305796712637, -0.020078107714653015, 0.003660525195300579, 0.00459947669878602, 0.01928093284368515, 0.011069169268012047, 0.013032362796366215, -0.08147336542606354, -0.06586380302906036, 0.042622074484825134, 0.0257245060056448, 0.03581661731004715, -0.08844504505395889, 0.01644589751958847, 0.03238315135240555, -0.05795828998088837, 0.007230505347251892, 0.003573731752112508, -0.03201991319656372, -0.006579665467143059, -0.006326751783490181, -0.010603358037769794, 0.028486955910921097, 0.03763505443930626, 0.07475119084119797, 0.008129018358886242, 0.009730239398777485, -0.01243847981095314, -0.03719578683376312, -0.031108791008591652, 0.03745367005467415, 0.027067754417657852, -0.005667706020176411, 0.03170248493552208, 0.019852256402373314, 0.039376601576805115, -0.010270239785313606, -0.013220294378697872, -0.017826387658715248, -0.05882211774587631, -0.001248832675628364, 0.012889740988612175, -0.040715139359235764, -0.010277094319462776, -0.0088034737855196, -0.02434065379202366, 0.004132886417210102, -0.034994859248399734, -0.01682537980377674, -0.008237488567829132, 0.017546625807881355, -0.043340813368558884, -0.004366638138890266, -0.00010772603855002671, -0.007794125471264124, -0.020262200385332108, -0.04890039190649986, 0.027592146769165993, 0.01209131721407175, 0.001705271890386939, -0.010457625612616539, -0.019614050164818764, 0.021750489249825478, -0.0273517444729805, 0.041331566870212555, -0.013972235843539238, -0.017710529267787933, 0.013883084990084171, 0.08055103570222855, 0.03514045849442482, -0.062160078436136246, -0.0686538890004158, 0.08728460222482681, 0.024640357121825218, 0.0075029064901173115, 0.004137333948165178, 0.016855064779520035, 0.03367401659488678, 0.02485230565071106, 0.01581256277859211, 0.06167614459991455, 0.0153056550770998, -0.03956704959273338, 0.003469320712611079, -0.033497024327516556, -0.021304290741682053, -0.030005577951669693, -0.02524901181459427, 0.045857906341552734, -0.032803650945425034, 0.040469758212566376, -0.07650101184844971, 0.022097762674093246, 0.025246791541576385, -0.02690773457288742, -0.04098297655582428, 0.021943338215351105, 0.02397148683667183, 0.025009484961628914, 0.020503567531704903, -0.03218084201216698, -0.01002288144081831, 0.015010765753686428, 0.05330131575465202, -0.04285859316587448, 0.047090012580156326, -0.03660465404391289, 0.010650229640305042, 0.008243249729275703, 0.0044321962632238865, 0.05347529053688049, -0.03440602496266365, -0.06649883836507797, -0.039274316281080246, 0.0578216016292572, -0.03710527345538139, -0.04843167960643768, -0.02823730930685997, 0.014274639077484608, 0.019703306257724762, -0.010516425594687462, 0.003884707111865282, 0.049499332904815674, -0.03852321207523346, 0.04432154819369316, 0.00023583619622513652, -0.0027445503510534763, 0.012631308287382126, -0.024231094866991043, -0.028070714324712753, 0.025699814781546593, 0.024772468954324722, -0.017483681440353394, -0.02741050161421299, 0.0222422257065773, -0.03165730461478233, -0.03398468717932701, -0.02986067719757557, -0.02583339437842369, -0.004681673366576433, -0.05374360457062721, 0.002538815839216113, 0.0020270105451345444, -0.01950555481016636, 0.02417144365608692, -0.00889616459608078, -0.07565940916538239, -0.030714044347405434, 0.05389627441763878, -0.01861978881061077, -0.01691712997853756, 0.0715879425406456, 0.027458764612674713, -0.02256975881755352, 0.003139557084068656, 0.02260153740644455, -0.006556639913469553, -0.04353291541337967, 0.018195070326328278, -0.010012449696660042, -0.007451205048710108, -0.012929304502904415, 0.0658099427819252, -0.0386844202876091, -0.09093651920557022, -0.05825543403625488, -0.029338162392377853, 0.034407839179039, -0.014213635586202145, -0.038500696420669556, 0.02750072441995144, -0.024962570518255234, -0.0482294037938118, -0.023837389424443245, 0.020238202065229416, 0.02370692603290081, -0.028259191662073135, 0.03654928505420685, 0.005228015594184399, -0.06464998424053192, -0.02645023912191391, 0.0679205134510994, 0.03143870830535889, -0.013176146894693375, 0.00924185011535883, -0.022034186869859695, 0.00579469557851553, -0.026920126751065254, -0.05010709911584854, -0.0030168183147907257, 0.013972681015729904, 0.012621856294572353, -0.030606631189584732, 0.04252592846751213, 0.03497643396258354, 0.020324403420090675, 0.038545116782188416, 0.03283499553799629, 0.010955058969557285, 0.05076514557003975, 0.030775275081396103, 0.0359731987118721, 0.039556834846735, -0.06136929616332054, -0.002050096169114113, 0.01755879446864128, -0.02300325594842434, 0.0027786395512521267, -0.007566540502011776, -0.03125116601586342, -0.023885861039161682, -0.018963070586323738, 0.02746547944843769, 0.024157216772437096, -0.014643744565546513, 0.06690645217895508, -0.020334899425506592, 0.021921003237366676, 0.013836778700351715, 0.056782834231853485, 0.01621989719569683, -0.01521081943064928, 0.013618161901831627, -0.027025869116187096, 0.029157990589737892, 0.058601610362529755, -0.0429801382124424, 0.03200092911720276, -0.022252347320318222, 0.061220433562994, -0.022526320070028305, -0.09061995893716812, 0.030831018462777138, 0.039297282695770264, 0.013485626317560673, 0.01711581088602543, -0.01586546190083027, 0.028829246759414673, -0.07097530364990234, -0.021566081792116165, -0.034008413553237915, -0.04384568706154823, 0.035185061395168304, -0.038792770355939865, 0.023228608071804047, -0.05976901203393936, -0.0004168761952314526, -0.0735621303319931, -0.004648107104003429, 0.08595140278339386, 0.03956864774227142, 0.021745305508375168, 0.04019653797149658, -0.005484920926392078, -0.015741419047117233, -0.004682449158281088, -0.0034618619829416275, -0.06935907900333405, 0.020416928455233574, 0.00413800124078989, -0.009172030724585056, -0.019554954022169113, 0.010504569858312607]",./aquastride_images/aquastride_DB.pdf_4.png,"DepthStrider_23_Olive_Slim CZP6Q7R8 At_3P_SOLD 02-28-23 Relcy Miller 3838 International Dr, Orlando, FL, 32819
RainWalker_24_Tan_Wide CZS9TOU1 In_Warehouse N-A N-A N-A
TrailBlazer_22_Maroon_Norm CZV2W3X4 At_Store_SOLD 10-15-23 Christopher Moore 3939 Rodeo Dr, Beverly Hills, CA, 90210
DepthStrider_23_Coral_Slim CZY5Z6A7 Amazon N-A N-A N-A
TrailBlazer_22_Blue_Wide CZB2C3D4 At_3P N-A N-A N-A
DepthStrider_23_Red_Norm CZE5F6G7 In_Warehouse_SOLD 05-15-24 Charles Elliott 34 Akea Pl, Kula, HI, 96790
RainWalker_24_Black_Slim CZH819J0 At_Store N-A N-A N-A
TrailBlazer_22_Green_Wide CZK1L2M3 Amazon_SOLD 11-22-22 Lisa Wilson 4141 River Rd, Portland, OR, 97204
DepthStrider_23_Yellow_Norm CZN4O5P6 At_3P_SOLD 05-28-23 Kevin Brown 4242 Mountain Dr, Phoenix, AZ, 85001
RainWalker_24_Gray_Slim CZQ7R8S9 In_Warehouse N-A N-A N-A
TrailBlazer_22_Orange_Wide CZTOU1V2 At_Store_SOLD 09-05-23 Laura Retung 4343 Forest Ln, Dallas, TX, 75230
DepthStrider_23_Purple_Norm CZW3X4Y5 Amazon N-A N-A N-A
RainWalker_24_Brown_Slim CZZ6A7B8 At_3P N-A N-A N-A
TrailBlazer_22_Pink_Wide CZC9D0E1 In_Warehouse_SOLD 07-04-22 Paul Miller 4444 Lakeview Dr, Minneapolis, MN, 55401
DepthStrider_23_Teal_Norm CZF2G3H4 At_Store N-A N-A N-A
RainWalker_24_Navy_Slim CZI5J6K7 Amazon_SOLD 01-30-23 Karen Taylor 4545 Hilltop Rd, Atlanta, GA, 30301
TrailBlazer_22_White_Wide CZL8M9N0 At_3P_SOLD 12-20-22 Richard White 4646 Valley Way, Charlotte, NC, 28202
DepthStrider_23_Silver_Norm CZO1P2Q3 In_Warehouse N-A N-A N-A
RainWalker_24_Gold_Slim CZR4S5T6 At_Store_SOLD 06-12-23 Susan Green 4747 Las Vegas Blvd, Las Vegas, NV, 89109
TrailBlazer_22_Beige_Wide CZU7V8W9 Amazon N-A N-A N-A
DepthStrider_23_Olive_Norm CZXOY1Z2 At_3P N-A N-A N-A
RainWalker_24_Tan_Slim CZA3B4C5 In_Warehouse_SOLD 02-18-23 James Anderson 4848 Pennsylvania Ave, Washington, DC, 20500
TrailBlazer_22_Maroon_Wide CZD6E7F8 At_Store 10-08-23 Dorothy White 4949 Biscayne Blvd, Miami, FL, 33132
DepthStrider_23_Coral_Norm CZG9H011 Amazon_SOLD 04-30-23 Charles Martin 5050 Camelback Rd, Phoenix, AZ, 85016
TrailBlazer_24_Blue_Slim CZJ2K3L4 At_3P N-A N-A N-A
DepthStrider_22_Red_Wide CZN5O6P7 In_Warehouse_SOLD 08-20-23 Mark Davis 5151 Ocean Ave, San Diego, CA, 92109
RainWalker_23_Black_Norm CZQ8R9SO At_Store N-A N-A N-A
TrailBlazer_24_Green_Wide CZT1U2V3 Amazon_SOLD 11-05-22 Lisa Wilson 5252 River Rd, Portland, OR, 97204
DepthStrider_22_Yellow_Slim CZW4X5Y6 At_3P_SOLD 05-12-23 Tiet Brown 5353 Mountain Dr, Phoenix, AZ, 85001
RainWalker_23_Gray_Norm CZZ7A8B9 In_Warehouse N-A N-A N-A
TrailBlazer_24_Orange_Slim CZCOD1E2 At_Store_SOLD 09-28-23 Laura Jones 5454 Forest Ln, Dallas, TX, 75230
DepthStrider_22_Purple_Wide CZF3G4H5 Amazon N-A N-A N-A
RainWalker_23_Brown_Norm CZI6J7K8 At_3P N-A N-A N-A
TrailBlazer_24_Pink_Slim CZL9MON1 In_Warehouse_SOLD 07-18-22 Paul Miller 5555 Lakeview Dr, Minneapolis, MN, 55401
DepthStrider_22_Teal_Wide CZO2P3Q4 At_Store N-A N-A N-A
RainWalker_23_Navy_Norm CZR5S6T7 Amazon_SOLD 01-22-23 Karen Taylor 5656 Hilltop Rd, Atlanta, GA, 30301
TrailBlazer_24_White_Slim CZU8V9WO At_3P_SOLD 12-05-22 Richard White 5757 Valley Way, Charlotte, NC, 28202
DepthStrider_22_Silver_Wide CZX1Y2Z3 In_Warehouse N-A N-A N-A
```json
[
  [
    ""DepthStrider_23_Olive_Slim"",
    ""CZP6Q7R8"",
    ""At_3P_SOLD"",
    ""02-28-23"",
    ""Relcy Miller"",
    ""3838 International Dr, Orlando, FL, 32819""
  ],
  [
    ""RainWalker_24_Tan_Wide"",
    ""CZS9TOU1"",
    ""In_Warehouse"",
    ""N-A"",
    ""N-A"",
    ""N-A""
  ],
  [
    ""TrailBlazer_22_Maroon_Norm"",
    ""CZV2W3X4"",
    ""At_Store_SOLD"",
    ""10-15-23"",
    ""Christopher Moore"",
    ""3939 Rodeo Dr, Beverly Hills, CA, 90210""
  ],
  [
    ""DepthStrider_23_Coral_Slim"",
    ""CZY5Z6A7"",
    ""Amazon"",
    ""N-A"",
    ""N-A"",
    ""N-A""
  ],
  [
    ""TrailBlazer_22_Blue_Wide"",
    ""CZB2C3D4"",
    ""At_3P"",
    ""N-A"",
    ""N-A"",
    ""N-A""
  ],
  [
    ""DepthStrider_23_Red_Norm"",
    ""CZE5F6G7"",
    ""In_Warehouse_SOLD"",
    ""05-15-24"",
    ""Charles Elliott"",
    ""34 Akea Pl, Kula, HI, 96790""
  ],
  [
    ""RainWalker_24_Black_Slim"",
    ""CZH819J0"",
    ""At_Store"",
    ""N-A"",
    ""N-A"",
    ""N-A""
  ],
  [
    ""TrailBlazer_22_Green_Wide"",
    ""CZK1L2M3"",
    ""Amazon_SOLD"",
    ""11-22-22"",
    ""Lisa Wilson"",
    ""4141 River Rd, Portland, OR, 97204""
  ],
  [
    ""DepthStrider_23_Yellow_Norm"",
    ""CZN4O5P6"",
    ""At_3P_SOLD"",
    ""05-28-23"",
    ""Kevin Brown"",
    ""4242 Mountain Dr, Phoenix, AZ, 85001""
  ],
  [
    ""RainWalker_24_Gray_Slim"",
    ""CZQ7R8S9"",
    ""In_Warehouse"",
    ""N-A"",
    ""N-A"",
    ""N-A""
  ],
  [
    ""TrailBlazer_22_Orange_Wide"",
    ""CZTOU1V2"",
    ""At Store SOLD"",
    ""09-05-23"",
    ""Laura Retung"",
    ""4343 Forest Ln, Dallas, TX, 75230""
  ],
  [
    ""DepthStrider_23_Purple_Norm"",
    ""CZW3X4Y5"",
    ""Amazon"",
    ""N-A"",
    ""N-A"",
    ""N-A""
  ],
  [
    ""RainWalker_24_Brown_Slim"",
    ""CZZ6A7B8"",
    ""At_3P"",
    ""N-A"",
    ""N-A"",
    ""N-A""
  ],
  [
    ""TrailBlazer_22_Pink_Wide"",
    ""CZC9D0E1"",
    ""In_Warehouse_SOLD"",
    ""07-04-22"",
    ""Paul Miller"",
    ""4444 Lakeview Dr, Minneapolis, MN, 55401""
  ],
  [
    ""DepthStrider_23_Teal_Norm"",
    ""CZF2G3H4"",
    ""At_Store"",
    ""N-A"",
    ""N-A"",
    ""N-A""
  ],
  [
    ""RainWalker_24_Navy_Slim"",
    ""CZI5J6K7"",
    ""Amazon_SOLD"",
    ""01-30-23"",
    ""Karen Taylor"",
    ""4545 Hilltop Rd, Atlanta, GA, 30301""
  ],
  [
    ""TrailBlazer_22_White_Wide"",
    ""CZL8M9N0"",
    ""At_3P_SOLD"",
    ""12-20-22"",
    ""Richard White"",
    ""4646 Valley Way, Charlotte, NC, 28202""
  ],
  [
    ""DepthStrider_23_Silver_Norm"",
    ""CZO1P2Q3"",
    ""In_Warehouse"",
    ""N-A"",
    ""N-A"",
    ""N-A""
  ],
  [
    ""RainWalker_24_Gold_Slim"",
    ""CZR4S5T6"",
    ""At_Store_SOLD"",
    ""06-12-23"",
    ""Susan Green"",
    ""4747 Las Vegas Blvd, Las Vegas, NV, 89109""
  ],
  [
    ""TrailBlazer_22_Beige_Wide"",
    ""CZU7V8W9"",
    ""Amazon"",
    ""N-A"",
    ""N-A"",
    ""N-A""
  ],
  [
    ""DepthStrider_23_Olive_Norm"",
    ""CZXOY1Z2"",
    ""At_3P"",
    ""N-A"",
    ""N-A"",
    ""N-A""
  ],
  [
    ""RainWalker_24_Tan_Slim"",
    ""CZA3B4C5"",
    ""In_Warehouse_SOLD"",
    ""02-18-23"",
    ""James Anderson"",
    ""4848 Pennsylvania Ave, Washington, DC, 20500""
  ],
  [
    ""TrailBlazer_22_Maroon_Wide"",
    ""CZD6E7F8"",
    ""At_Store"",
    ""10-08-23"",
    ""Dorothy White"",
    ""4949 Biscayne Blvd, Miami, FL, 33132""
  ],
  [
    ""DepthStrider_23_Coral_Norm"",
    ""CZG9H011"",
    ""Amazon_SOLD"",
    ""04-30-23"",
    ""Charles Martin"",
    ""5050 Camelback Rd, Phoenix, AZ, 85016""
  ],
  [
    ""TrailBlazer_24_Blue_Slim"",
    ""CZJ2K3L4"",
    ""At_3P"",
    ""N-A"",
    ""N-A"",
    ""N-A""
  ],
  [
    ""DepthStrider_22_Red_Wide"",
    ""CZN5O6P7"",
    ""In_Warehouse_SOLD"",
    ""08-20-23"",
    ""Mark Davis"",
    ""5151 Ocean Ave, San Diego, CA, 92109""
  ],
  [
    ""RainWalker_23_Black_Norm"",
    ""CZQ8R9SO"",
    ""At_Store"",
    ""N-A"",
    ""N-A"",
    ""N-A""
  ],
  [
    ""TrailBlazer_24_Green_Wide"",
    ""CZT1U2V3"",
    ""Amazon_SOLD"",
    ""11-05-22"",
    ""Lisa Wilson"",
    ""5252 River Rd, Portland, OR, 97204""
  ],
  [
    ""DepthStrider_22_Yellow_Slim"",
    ""CZW4X5Y6"",
    ""At_3P_SOLD"",
    ""05-12-23"",
    ""Tiet Brown"",
    ""5353 Mountain Dr, Phoenix, AZ, 85001""
  ],
  [
    ""RainWalker_23_Gray_Norm"",
    ""CZZ7A8B9"",
    ""In_Warehouse"",
    ""N-A"",
    ""N-A"",
    ""N-A""
  ],
  [
    ""TrailBlazer_24_Orange_Slim"",
    ""CZCOD1E2"",
    ""At_Store_SOLD"",
    ""09-28-23"",
    ""Laura Jones"",
    ""5454 Forest Ln, Dallas, TX, 75230""
  ],
  [
    ""DepthStrider_22_Purple_Wide"",
    ""CZF3G4H5"",
    ""Amazon"",
    ""N-A"",
    ""N-A"",
    ""N-A""
  ],
  [
    ""RainWalker_23_Brown_Norm"",
    ""CZI6J7K8"",
    ""At_3P"",
    ""N-A"",
    ""N-A"",
    ""N-A""
  ],
  [
    ""TrailBlazer_24_Pink_Slim"",
    ""CZL9MON1"",
    ""In_Warehouse_SOLD"",
    ""07-18-22"",
    ""Paul Miller"",
    ""5555 Lakeview Dr, Minneapolis, MN, 55401""
  ],
  [
    ""DepthStrider_22_Teal_Wide"",
    ""CZO2P3Q4"",
    ""At Store"",
    ""N-A"",
    ""N-A"",
    ""N-A""
  ],
  [
    ""RainWalker_23_Navy_Norm"",
    ""CZR5S6T7"",
    ""Amazon_SOLD"",
    ""01-22-23"",
    ""Karen Taylor"",
    ""5656 Hilltop Rd, Atlanta, GA, 30301""
  ],
  [
    ""TrailBlazer_24_White_Slim"",
    ""CZU8V9WO"",
    ""At_3P_SOLD"",
    ""12-05-22"",
    ""Richard White"",
    ""5757 Valley Way, Charlotte, NC, 28202""
  ],
  [
    ""DepthStrider_22_Silver_Wide"",
    ""CZX1Y2Z3"",
    ""In_Warehouse"",
    ""N-A"",
    ""N-A"",
    ""N-A""
  ]
]
```"
f4ffd510-d922-44e3-8de6-b2a31819aa57,"[-0.02371569164097309, -0.020431341603398323, -0.02068914659321308, 0.025870725512504578, -0.019498931244015694, 0.013836272060871124, -0.0006411077920347452, 0.030195409432053566, -0.020251451060175896, 0.011911899782717228, -0.08803031593561172, -0.014890415593981743, 0.031148217618465424, -0.028730789199471474, -0.03289018198847771, 0.0715097114443779, 0.0769696906208992, -0.05088159814476967, -0.017199330031871796, -0.010145433247089386, 0.02716260589659214, -0.011822078377008438, -0.03889554366469383, -0.042739108204841614, 0.0027198900934308767, -0.0520552434027195, -0.02698184736073017, 0.014015816152095795, 0.013273446820676327, 0.020586026832461357, 0.02631368488073349, -0.021453572437167168, 0.01960972510278225, -0.025260793045163155, 0.018640736117959023, -0.004768437705934048, 0.022885635495185852, 0.0050104157999157906, 0.040842801332473755, -0.013389133848249912, 0.023755794391036034, -0.07456683367490768, 0.05234410613775253, 0.004245678894221783, -0.0440758652985096, 0.05196143314242363, -0.0058195930905640125, -0.03699173778295517, 0.010445382446050644, -0.09191727638244629, 0.07280765473842621, 0.03939589858055115, -0.013112545944750309, -0.005283534526824951, 0.035118620842695236, 0.040376849472522736, -0.014327848330140114, -0.036353256553411484, -0.05134228989481926, 0.00931292213499546, -0.0021346609573811293, -0.01673721708357334, -0.005747643765062094, 0.04521586000919342, -0.058232638984918594, 0.011308572255074978, 0.01576446369290352, 0.014758855104446411, 0.004651915747672319, -0.06332606077194214, -0.04972298443317413, -0.033421535044908524, -0.0047294944524765015, 0.009586891159415245, -0.04199519008398056, -0.04276903346180916, 0.03305932506918907, 0.012936009094119072, 0.041505977511405945, 0.001932700746692717, -0.03670799732208252, -0.03247654810547829, -0.014526003040373325, 0.06090899929404259, 0.039098162204027176, -0.058702029287815094, -0.060661088675260544, -0.03757011517882347, -0.026699915528297424, -0.026214394718408585, 0.0249052532017231, -0.04793907701969147, -0.03309200704097748, -0.03710344806313515, 0.012853323481976986, 0.05704653263092041, -0.04076050594449043, 0.10482178628444672, 0.018658194690942764, 0.05542300269007683, 0.0156254880130291, 0.009050627239048481, -0.006786023732274771, -0.038626737892627716, 0.06073492765426636, 0.02250649593770504, -0.060903988778591156, -0.024444816634058952, 0.028110060840845108, 0.002709959400817752, -0.08854249119758606, -0.022974731400609016, -0.041630689054727554, 0.05032035708427429, 0.05074990540742874, 0.044975634664297104, -0.04161222651600838, -0.02567935921251774, -0.06174375116825104, -0.06803733855485916, -0.030839970335364342, 0.033894844353199005, 0.0619831383228302, -0.026700997725129128, -0.038029514253139496, -0.003191824769601226, 0.05923528969287872, 0.020431453362107277, -0.008973097428679466, -0.004477733746170998, -0.032848067581653595, -0.03751618042588234, 0.06072422116994858, 0.029866226017475128, 0.005986529402434826, -0.022019004449248314, -0.0536038912832737, -0.0022073884028941393, 0.03597436472773552, 0.0380166694521904, 0.026366252452135086, 0.023363105952739716, 0.043700266629457474, 0.03244799003005028, 0.002252864418551326, -0.06977339088916779, -0.03095012716948986, 0.008582710288465023, 0.034042660146951675, -0.006042517255991697, -0.08456653356552124, 0.09257795661687851, -0.04478375241160393, 0.03559624031186104, 0.051229920238256454, -0.039226457476615906, -0.016082914546132088, 0.005822754930704832, 0.0469801165163517, -0.048717398196458817, -0.027520200237631798, 0.0033017543610185385, 0.009843695908784866, 0.060202084481716156, 0.02630668692290783, -0.003025956451892853, 0.06096664443612099, -0.010403546504676342, -0.006881959270685911, 0.022627441212534904, 0.0046754805371165276, -0.046597450971603394, -0.060069963335990906, -0.020566144958138466, 0.052705973386764526, 0.004692441783845425, -0.0005197480786591768, -0.014391917735338211, 0.005534392315894365, -0.08226030319929123, -0.03693746402859688, 0.023701263591647148, 0.0032043217215687037, 0.015162358060479164, -0.14285220205783844, 0.03901871293783188, -0.013867968693375587, -0.07827620208263397, -0.03811853006482124, 0.001718055340461433, -0.0827941745519638, -0.04606974497437477, -0.0009355587535537779, 0.0319528765976429, 0.004068703856319189, 0.017567714676260948, 0.05364347621798515, -0.051257066428661346, -0.023322395980358124, 0.002837554784491658, -0.029596412554383278, -0.0003797229437623173, -0.017731375992298126, -0.06197104603052139, 0.0009315949864685535, -0.037990503013134, 0.030345197767019272, 0.0012513340916484594, 0.03497602790594101, -0.01622908189892769, 0.06862751394510269, -0.00939743872731924, -0.015198607929050922, 0.00019621690444182605, -0.04606952145695686, -0.06463495641946793, -0.00336993089877069, -0.016693225130438805, 0.05238788574934006, -0.014196598902344704, 0.064220130443573, 0.039480723440647125, -0.052885301411151886, 0.010255062021315098, 0.0071670785546302795, -0.013025057502090931, 0.0547289177775383, 0.008168978616595268, 0.03269762173295021, 0.04346887022256851, -0.016802338883280754, 0.017277151346206665, 0.0028460409957915545, 0.07214212417602539, -0.05063505098223686, -0.0066482797265052795, -0.027205154299736023, -0.025358717888593674, -0.07211703807115555, -0.028345150873064995, 0.009823434986174107, 0.01744096912443638, -0.035710692405700684, 0.021022068336606026, 0.023587387055158615, 0.016530562192201614, -0.06742452085018158, 0.09975408017635345, -0.04030716046690941, -0.016530688852071762, -0.018862437456846237, 0.016709502786397934, -0.029311345890164375, -0.0089938435703516, 0.08407938480377197, -0.0003265228006057441, -0.017892586067318916, -0.013415928930044174, 0.018425723537802696, 0.002613214310258627, -0.026103230193257332, 0.024641528725624084, 0.025127854198217392, -0.06201913207769394, 0.012254630215466022, -0.02925773337483406, -0.02628950960934162, -0.013055865652859211, -0.03200961649417877, 0.004916098900139332, -0.03842543438076973, -0.0013871942646801472, 0.02509617991745472, 0.03324499726295471, -0.02982177771627903, 0.008525455370545387, -0.07047615200281143, -0.013072586618363857, 0.016618166118860245, 0.03320883959531784, 0.014760972931981087, -0.02503754198551178, -0.0034705186262726784, 0.04570414125919342, -0.02072269469499588, 0.01191940251737833, 0.0026777407620102167, 0.047940272837877274, -0.010190586559474468, -0.021504290401935577, -0.009429029189050198, 0.05453832074999809, 0.04165983200073242, -0.06415560096502304, -0.0027436153031885624, 0.0020496132783591747, 0.05025529861450195, -0.015867656096816063, -0.04368431493639946, 0.020464951172471046, -0.04116471856832504, 0.02203563041985035, -0.01574217900633812, -0.012161650694906712, 0.007312249392271042, -0.037698231637477875, -0.022494742646813393, -0.0050313472747802734, 0.06188655272126198, 0.0030871303752064705, -0.012151590548455715, -0.011394679546356201, 0.03707027807831764, 0.02653007209300995, -0.0639205053448677, -0.038863442838191986, -0.027310708537697792, -0.020802466198801994, 0.028527194634079933, 0.008657913655042648, -0.03195197507739067, -0.013310332782566547, 0.05436102673411369, -0.028615644201636314, -0.002395418006926775, -0.04366154968738556, -0.0019136935006827116, 0.024337027221918106, 0.013019183650612831, -0.04275628179311752, 0.0298888199031353, 0.04290188103914261, 0.03476308286190033, 0.016276352107524872, -0.040821343660354614, -0.01143493689596653, 0.025492234155535698, 0.04291807860136032, -0.0015519843436777592, 0.006699568126350641, 0.003111481899395585, 0.044061075896024704, -0.07338889688253403, 0.002508652862161398, -0.02886159159243107, 0.02521299570798874, -0.03805319219827652, -0.023946324363350868, -0.025745954364538193, 0.012355906888842583, 0.021643193438649178, 0.04420104995369911, 0.006390752270817757, -0.061079591512680054, 0.04125845059752464, -0.0510643795132637, -0.018042484298348427, 0.008473114110529423, 0.012481185607612133, -0.04557033255696297, -0.014090103097259998, 0.05671946704387665, -0.02325301617383957, -0.04460430517792702, -0.0327431820333004, 0.030478445813059807, -0.03903837874531746, -0.04162206873297691, 0.029376110062003136, -0.03433661907911301, 0.01141794677823782, 0.0017750596161931753, 0.004282097797840834, -0.030727598816156387, 0.009264075197279453, -0.008594757877290249, -0.02136358618736267, -0.04104841500520706, 0.00020591319480445236, 0.007704328279942274, 0.006922946777194738, -0.02433755435049534, -0.023682456463575363, 0.02582891844213009, -0.04320491850376129, 0.01109989732503891, 0.020143523812294006, 0.03488923981785774, -0.009625429287552834, -0.008161406964063644, -0.004197964444756508, 0.0599832646548748, 0.06269524246454239, -0.01297365128993988, 0.025999130681157112, 0.00025234962231479585, 0.004052103962749243, 0.04055193066596985, -0.013583352789282799, -0.021536756306886673, 0.03884180262684822, 0.019930491223931313, -0.04938105493783951, -0.014516573399305344, -0.02289045974612236, -0.016553688794374466, 0.011373048648238182, -0.01990426518023014, 0.020483577623963356, 0.01230119913816452, -0.022269215434789658, -0.042117808014154434, 0.0407295785844326, -0.006929939612746239, 0.03572917357087135, -0.06510934233665466, 0.023384155705571175, -0.030816979706287384, -0.006805362179875374, -0.051978714764118195, -0.042499132454395294, 0.08825138211250305, 0.023048080503940582, 0.009177845902740955, -0.009345266968011856, -0.03696604445576668, 0.033001985400915146, 0.02590930089354515, 0.06644603610038757, 0.018538320437073708, -0.06747344881296158, 0.030551636591553688, -0.04889918118715286, -0.015066890977323055, 0.03375760093331337, -0.037435512989759445, -0.03339178487658501, -0.008462488651275635, 0.017435550689697266, -0.0006004563183523715, 0.006901721935719252, 0.0058044856414198875, 0.03746417537331581, 0.01864844560623169, -0.011371921747922897, 0.029083024710416794, 0.08430548012256622, -0.05419198423624039, -0.0034073791466653347, 0.0349876694381237, 0.025263743475079536, 0.05210980772972107, 0.031004667282104492, -0.009477689862251282, -0.0006712158210575581, 0.02708309330046177, 0.022381944581866264, -0.04689253121614456, -0.008668870665133, -0.07765358686447144, 0.01903543993830681, 0.0462581105530262, 0.020609291270375252, 0.030073968693614006, 0.053452178835868835, -0.0327410027384758, -0.0607072114944458, -0.05267208814620972, 0.0011490272590890527, 0.012881752103567123, 0.007194417528808117, -0.030236385762691498, 0.03339214622974396, 0.012711101211607456, -0.017968134954571724, 0.039536599069833755, -0.00858943723142147, 0.018189413473010063, -0.008102013729512691, -0.01658773422241211, -0.007060384843498468, 0.06082531064748764, 0.06246674060821533, 0.04500729963183403, 0.03339266777038574, -0.0033386291470378637, 0.002198735950514674, -0.021294569596648216, -0.013980197720229626, -0.00476806377992034, -0.01997690089046955, -0.0028340620920062065, -0.01956181973218918, -0.06651055067777634, 0.025146011263132095, -0.005573417525738478, -0.05361202359199524, 0.027955904603004456, 0.0005070509505458176, 0.00916219875216484, -0.04218088835477829, 0.01965327374637127, -0.10339219123125076, 0.04657778516411781, -0.027462579309940338, 0.02821606956422329, -0.02879910171031952, 0.017478762194514275, -0.005629702936857939, 0.004863660782575607, 0.01836380548775196, 0.013659518212080002, -0.07178613543510437, -0.0353822335600853, 0.048558324575424194, 0.0021142216864973307, 0.04501454532146454, -0.08646333962678909, 0.020965393632650375, 0.03844892233610153, -0.07010595500469208, 0.01466911006718874, 0.00435246154665947, -0.04639338329434395, 0.007104738149791956, 0.00687749357894063, -0.02509286254644394, 0.03001163899898529, 0.03732951357960701, 0.07658375799655914, -0.0012459289282560349, 0.010659529827535152, -0.018400156870484352, -0.01566767506301403, -0.06312277913093567, 0.03873836621642113, -0.0005502070998772979, -0.02141978219151497, 0.04070119187235832, 0.009189633652567863, 0.03372013568878174, 0.003584869671612978, -0.024260682985186577, -0.009328463114798069, -0.03194739669561386, 0.01136431097984314, 0.001726729329675436, -0.05624012649059296, -0.021931977942585945, -0.006139651872217655, -0.007314600981771946, 0.002448909217491746, -0.02686271257698536, -0.004977793898433447, -0.009288482367992401, 0.004315171856433153, -0.03257298842072487, -0.01821788400411606, -0.012127974070608616, -0.004534595645964146, -0.006582049187272787, -0.03173845261335373, 0.02138623408973217, -0.00617213686928153, -0.01370686199516058, -0.02841930277645588, -0.02548251859843731, 0.010022119618952274, -0.021219491958618164, 0.046631328761577606, 0.0014541213167831302, 0.004959968850016594, 0.0010863436618819833, 0.07675325125455856, 0.011650577187538147, -0.0741526409983635, -0.06934825330972672, 0.07437484711408615, 0.02971736714243889, 0.023866040632128716, -0.00014028129226062447, -0.008513840846717358, 0.04559744894504547, 0.013508947566151619, 0.02221718803048134, 0.03859317675232887, 0.01982203871011734, -0.06632109731435776, 0.02712896652519703, -0.04951045289635658, -0.01572459191083908, -0.03586045652627945, -0.03430597111582756, 0.032522354274988174, -0.022731170058250427, 0.026498572900891304, -0.07153405249118805, 0.026886755600571632, 0.02106121927499771, -0.019793229177594185, -0.06175781413912773, 0.007884287275373936, 0.030172036960721016, 0.039228927344083786, 0.015371947549283504, -0.032472144812345505, -0.01708078570663929, -0.011486252769827843, 0.04236060753464699, -0.02939649485051632, 0.05129222944378853, -0.04124298319220543, -0.00903449859470129, 0.015116733498871326, 0.02206512726843357, 0.07215778529644012, -0.02229307033121586, -0.06367729604244232, -0.05191267281770706, 0.03271910175681114, -0.04722479730844498, -0.056044284254312515, -0.04244256764650345, 0.01589517667889595, 0.04005352035164833, -0.008130352944135666, -0.006173873320221901, 0.03140227124094963, -0.023698104545474052, 0.04723034426569939, 0.00962667167186737, -0.0019078034674748778, -0.01726265251636505, -0.02115796133875847, 0.0029814597219228745, 0.042601704597473145, 0.032626356929540634, -0.030607029795646667, -0.01110147126019001, 0.010579156689345837, -0.03406997397542, -0.008948024362325668, -0.0280673298984766, -0.01736132614314556, -0.0009044963517226279, -0.05566626042127609, -0.005202477797865868, 0.012038211338222027, -0.0023884435649961233, 0.00833162572234869, -0.009631129913032055, -0.0660463199019432, -0.029294028878211975, 0.04645265266299248, -0.037652015686035156, 0.0002900893159676343, 0.08273830264806747, 0.023586701601743698, -0.020324917510151863, -0.014097094535827637, 0.02264908328652382, -0.015863223001360893, -0.038252800703048706, 0.03939327225089073, 0.01648135297000408, -0.015626022592186928, -0.0331636518239975, 0.05756360664963722, -0.04576168209314346, -0.0809362530708313, -0.059552762657403946, -0.024917393922805786, 0.011025291867554188, -0.03809450566768646, -0.033644966781139374, 0.0016450827242806554, 0.0005026499275118113, -0.06308772414922714, -0.03827061131596565, 0.03420111536979675, 0.03800663352012634, -0.02786746248602867, 0.037934254854917526, 0.008443301543593407, -0.05778104066848755, -0.039220601320266724, 0.05328315868973732, 0.03101894073188305, -0.0011731480481103063, 0.014105033129453659, -0.026354685425758362, 0.001665438525378704, -0.029372962191700935, -0.04181208461523056, -0.009060841053724289, 0.016216790303587914, 0.016038259491324425, -0.045426271855831146, 0.04464506357908249, 0.027784021571278572, 0.02040470950305462, 0.01529479119926691, 0.04431036487221718, 0.026428204029798508, 0.055405616760253906, 0.01320671197026968, 0.0017468687146902084, 0.048496443778276443, -0.07558733224868774, 0.026619210839271545, 0.02569301426410675, -0.028584761545062065, -0.0027186290826648474, -0.02642945945262909, -0.04447491466999054, -0.03634916618466377, -0.028169766068458557, 0.014387655071914196, 0.030368097126483917, -0.003912899177521467, 0.04182318598031998, -0.03822588548064232, 0.045835576951503754, 0.010988054797053337, 0.053633056581020355, 0.021787945181131363, 0.001388325123116374, -0.004541350994259119, -0.016558580100536346, 0.009670492261648178, 0.019583238288760185, -0.021535372361540794, 0.03603457286953926, -0.034228865057229996, 0.07337365299463272, -0.031917963176965714, -0.10441660135984421, 0.014574198983609676, 0.053610242903232574, 0.021548107266426086, 0.021026920527219772, -0.005696428008377552, 0.04129886254668236, -0.03369884192943573, -0.022206701338291168, -0.03734632581472397, -0.0659952312707901, 0.029908206313848495, -0.02852504327893257, 0.04103442281484604, -0.07322359830141068, -0.003169710747897625, -0.06342467665672302, 0.01258788164705038, 0.08393512666225433, 0.044293805956840515, 0.02271438017487526, 0.045531850308179855, 0.010486694052815437, -0.006441732868552208, -0.0050069973804056644, 0.01783926784992218, -0.05846313387155533, 0.02527226135134697, -0.010173462331295013, 0.016082175076007843, -0.009930497966706753, 0.0005712786805815995]",./aquastride_images/aquastride_DB.pdf_5.png,"Here's all the text content extracted from the image, presented in a structured format:

| Column 1 | Column 2 | Column 3 | Column 4 | Column 5 | Column 6 |
|---|---|---|---|---|---|
| RainWalker_23_Gold_Norm | CZA4B5C6 | At_Store_SOLD | 06-29-23 | Susan Green | 5858 Las Vegas Blvd, Las Vegas, NV, 89109 |
| TrailBlazer_24_Beige_Slim | CZD7E8F9 | Amazon | N-A | N-A | N-A |
| DepthStrider_22_Olive_Wide | CZG0H1I2 | At_3P | N-A | N-A | N-A |
| RainWalker_23_Tan_Norm | CZJ3K4L5 | In_Warehouse_SOLD | 02-05-23 | James Anderson | 5959 Pennsylvania Ave, Washington, DC, 20500 |
| TrailBlazer_24_Maroon_Slim | CZN6O7P8 | At_Store | 10-30-23 | Dorothy White | 6060 Biscayne Blvd, Miami, FL, 33132 |
| DepthStrider_22_Coral_Wide | CZQ9R0S1 | Amazon_SOLD | 04-15-23 | Charles Martin | 6161 Camelback Rd, Phoenix, AZ, 85016 |
| TrailBlazer_24_Blue_Wide | CZT3U4V5 | At_3P | N-A | N-A | N-A |
| DepthStrider_22_Red_Norm | CZW6X7Y8 | In_Warehouse_SOLD | 08-28-23 | Mark Davis | 7272 Ocean Ave, San Diego, CA, 92109 |
| RainWalker_23_Black_Slim | CZZ9A0B1 | At_Store | N-A | N-A | N-A |
| TrailBlazer_24_Green_Slim | CZC2D3E4 | Amazon_SOLD | 11-15-22 | Lisa Wilson | 7373 River Rd, Portland, OR, 97204 |
| DepthStrider_22_Yellow_Norm | CZF5G6H7 | At_3P_SOLD | 05-05-23 | Kevin Brown | 7474 Mountain Dr, Phoenix, AZ, 85001 |
| RainWalker_23_Gray_Slim | CZI8J9K0 | In_Warehouse | N-A | N-A | N-A |
| TrailBlazer_24_Orange_Wide | CZL1M2N3 | At_Store_SOLD | 09-20-23 | Laura Kenyay | 7575 Forest Ln, Dallas, TX, 75230 |
| DepthStrider_22_Purple_Norm | CZO4P5Q6 | Amazon | N-A | N-A | N-A |
| RainWalker_23_Brown_Slim | CZR7S8T9 | At_3P | N-A | N-A | N-A |
| TrailBlazer_24_Pink_Wide | CZU0V1W2 | In_Warehouse_SOLD | 07-25-22 | Paul Dolitti | 7676 Lakeview Dr, Minneapolis, MN, 55401 |
| TrailBlazer_22_Blue_Slim | CZV7W8X9 | In_Warehouse | N-A | N-A | N-A |
| DepthStrider_23_Red_Wide | CZY0Z1A2 | At_3P | N-A | N-A | N-A |
```json
[
  {
    ""headers"": [
      """",
      """",
      """",
      """",
      """",
      """"
    ],
    ""rows"": [
      [
        ""RainWalker_23_Gold_Norm"",
        ""CZA4B5C6"",
        ""At_Store_SOLD"",
        ""06-29-23"",
        ""Susan Green"",
        ""5858 Las Vegas Blvd, Las Vegas, NV, 89109""
      ],
      [
        ""TrailBlazer_24_Beige_Slim"",
        ""CZD7E8F9"",
        ""Amazon"",
        ""N-A"",
        ""N-A"",
        ""N-A""
      ],
      [
        ""DepthStrider_22_Olive_Wide"",
        ""CZG0H112"",
        ""At_3P"",
        ""N-A"",
        ""N-A"",
        ""N-A""
      ],
      [
        ""RainWalker_23_Tan_Norm"",
        ""CZJ3K4L5"",
        ""In_Warehouse_SOLD"",
        ""02-05-23"",
        ""James Anderson"",
        ""5959 Pennsylvania Ave, Washington, DC, 20500""
      ],
      [
        ""TrailBlazer_24_Maroon_Slim"",
        ""CZN6O7P8"",
        ""At_Store"",
        ""10-30-23"",
        ""Dorothy White"",
        ""6060 Biscayne Blvd, Miami, FL, 33132""
      ],
      [
        ""DepthStrider_22_Coral_Wide"",
        ""CZQ9ROS1"",
        ""Amazon_SOLD"",
        ""04-15-23"",
        ""Charles Martin"",
        ""6161 Camelback Rd, Phoenix, AZ, 85016""
      ],
      [
        ""TrailBlazer_24_Blue_Wide"",
        ""CZT3U4V5"",
        ""At_3P"",
        ""N-A"",
        ""N-A"",
        ""N-A""
      ],
      [
        ""DepthStrider_22_Red_Norm"",
        ""CZW6X7Y8"",
        ""In_Warehouse_SOLD"",
        ""08-28-23"",
        ""Mark Davis"",
        ""7272 Ocean Ave, San Diego, CA, 92109""
      ],
      [
        ""RainWalker_23_Black_Slim"",
        ""CZZ9A0B1"",
        ""At_Store"",
        ""N-A"",
        ""N-A"",
        ""N-A""
      ],
      [
        ""TrailBlazer_24_Green_Slim"",
        ""CZC2D3E4"",
        ""Amazon_SOLD"",
        ""11-15-22"",
        ""Lisa Wilson"",
        ""7373 River Rd, Portland, OR, 97204""
      ],
      [
        ""DepthStrider_22_Yellow_Norm"",
        ""CZF5G6H7"",
        ""At_3P_SOLD"",
        ""05-05-23"",
        ""Kevin Brown"",
        ""7474 Mountain Dr, Phoenix, AZ, 85001""
      ],
      [
        ""RainWalker_23_Gray_Slim"",
        ""CZI8J9K0"",
        ""In_Warehouse"",
        ""N-A"",
        ""N-A"",
        ""N-A""
      ],
      [
        ""TrailBlazer_24_Orange_Wide"",
        ""CZL1M2N3"",
        ""At_Store_SOLD"",
        ""09-20-23"",
        ""Laura Kenyay"",
        ""7575 Forest Ln, Dallas, TX, 75230""
      ],
      [
        ""DepthStrider_22_Purple_Norm"",
        ""CZO4P5Q6"",
        ""Amazon"",
        ""N-A"",
        ""N-A"",
        ""N-A""
      ],
      [
        ""RainWalker_23_Brown_Slim"",
        ""CZR7S8T9"",
        ""At_3P"",
        ""N-A"",
        ""N-A"",
        ""N-A""
      ],
      [
        ""TrailBlazer_24_Pink_Wide"",
        ""CZU0V1W2"",
        ""In_Warehouse_SOLD"",
        ""07-25-22"",
        ""Paul Dolitti"",
        ""7676 Lakeview Dr, Minneapolis, MN, 55401""
      ],
      [
        ""TrailBlazer_22_Blue_Slim"",
        ""CZV7W8X9"",
        ""In_Warehouse"",
        ""N-A"",
        ""N-A"",
        ""N-A""
      ],
      [
        ""DepthStrider_23_Red_Wide"",
        ""CZY0Z1A2"",
        ""At_3P"",
        ""N-A"",
        ""N-A"",
        ""N-A""
      ]
    ]
  }
]
```"
ca7d02b1-9c86-47c8-a979-5cd646012b32,"[-0.023851772770285606, -0.015706684440374374, 0.05080321058630943, 0.014841576106846333, -0.016529738903045654, 0.03937506675720215, 0.015930354595184326, -0.04526031017303467, 0.017555268481373787, 0.058918170630931854, -0.04606838524341583, 0.019165992736816406, 0.043376948684453964, 0.014463301748037338, 0.022415826097130775, 0.08999315649271011, 0.05400224030017853, -0.030634665861725807, -0.028443310409784317, -0.018729258328676224, 0.05844502151012421, -0.05231799930334091, -0.05222857743501663, 0.0009513151599094272, 0.036187514662742615, -0.07395335286855698, -0.0006623772205784917, -0.040517330169677734, 0.003816925222054124, 0.02712448686361313, 0.04764378443360329, 0.04114075377583504, 0.0019240673864260316, 0.0007321545854210854, -0.012527120299637318, 0.061618607491254807, 0.05522572994232178, 0.038311105221509933, 0.0035517062060534954, -0.009475208818912506, 0.06153489649295807, -0.021870428696274757, 0.02734663337469101, -0.033575255423784256, -0.019843732938170433, 0.07592113316059113, -0.036176156252622604, -0.014304508455097675, 0.05357356742024422, 0.01734183356165886, 0.0290000531822443, 0.012076648883521557, -0.012792089954018593, 0.0015024082968011498, 0.017064426094293594, 0.02492714300751686, -0.004301474429666996, 0.028299901634454727, -0.023282846435904503, 0.01732308603823185, -0.0018225058447569609, -0.009194135665893555, 0.03554822504520416, -0.00019506667740643024, -0.05407106503844261, -0.0026644403114914894, 0.0025977662298828363, -0.012880424037575722, 0.004247854929417372, -0.10294973850250244, 0.039658766239881516, 0.012916873209178448, 0.042043861001729965, -0.03028314933180809, 0.03806397318840027, -0.023886265233159065, 0.01306990347802639, 0.0651024878025055, -0.00035931236925534904, -0.02495163306593895, 0.0024930210784077644, -0.022752804681658745, -0.02386929653584957, -0.006949213333427906, 0.01473974622786045, -0.0290682315826416, -0.008195989765226841, -0.029147055000066757, -0.012049051001667976, -0.012678182683885098, 0.055263981223106384, -0.006552821956574917, -0.033741384744644165, -0.011751231737434864, -0.020974494516849518, -0.0581679493188858, 0.0006270201993174851, 0.04487401247024536, -0.03954979032278061, 0.03742115944623947, -0.01615380123257637, 0.04505651816725731, -0.06605469435453415, 0.014356852509081364, -0.024546317756175995, 0.021573558449745178, -0.038855355232954025, -0.03947377949953079, 0.012074816972017288, 0.023054160177707672, -0.0003157834289595485, -0.01799039915204048, -0.04298591986298561, 0.023841556161642075, 0.043730881065130234, 0.03400035947561264, -0.035340458154678345, 0.04818195849657059, -0.13209109008312225, -0.05526622012257576, -0.035522568970918655, 0.010316346772015095, 0.02042648196220398, -0.019701631739735603, -0.061126191169023514, -0.08677805215120316, 0.02357986383140087, -0.004538447596132755, -0.0052405414171516895, -0.05463777109980583, -0.013657143339514732, -0.018336039036512375, -0.004672109615057707, 0.04917946085333824, -0.007459049113094807, 0.008998033590614796, -0.08589088171720505, -0.006051886361092329, 0.016033517196774483, 0.016725819557905197, -0.0087398961186409, -0.004327666480094194, 0.04008893668651581, 0.023610930889844894, -0.016146386042237282, -0.03847384825348854, -0.0532882884144783, 0.021881181746721268, 0.02925289422273636, -0.03249219432473183, 0.006694033741950989, 0.10385589301586151, -0.041066430509090424, 0.05980876460671425, 0.03472103551030159, -0.04089222475886345, -0.009350565262138844, -0.01308862492442131, 0.06797909736633301, -0.002776794135570526, -0.057411085814237595, 0.044578395783901215, -0.01839713379740715, -2.2438449377659708e-05, -0.005551969166845083, 0.05129063129425049, 0.06533244997262955, -0.013378454372286797, -0.04207035154104233, 0.007781170308589935, 0.010495102033019066, 0.007513278163969517, 0.03918471932411194, 0.0029956793878227472, 0.03605704382061958, 0.0028271509800106287, -0.0022917448077350855, -0.005256592761725187, -0.008484410122036934, 0.004692772403359413, -0.056088294833898544, -0.0038286997005343437, -0.05815871059894562, 0.03839024901390076, -0.1341092735528946, -0.0080008739605546, -0.06434374302625656, -0.06485655158758163, -0.05418886989355087, -0.06869916617870331, -0.15121448040008545, -0.06623151153326035, 0.02718626894056797, 0.029262041673064232, 0.035780586302280426, 0.03040413185954094, 0.004062485881149769, -0.05952427163720131, 0.0007309194188565016, -0.0139053575694561, -0.06219189986586571, -0.0047215926460921764, -0.0070238253101706505, -0.0017714753048494458, 0.007498578168451786, -0.03736036643385887, 0.043062154203653336, 0.009298260323703289, -0.0047754026018083096, -0.04485449939966202, 0.07369944453239441, -0.034227918833494186, -0.05464190989732742, -0.008855532854795456, -0.0006884034373797476, -0.0023205094039440155, 0.006162252742797136, -0.055554479360580444, 0.015992680564522743, 0.04505164176225662, 0.06552845984697342, -0.017485428601503372, -0.10726301372051239, 0.07103102654218674, 0.04056167230010033, -0.03559577092528343, 0.07481515407562256, 0.01809190958738327, 0.06351833045482635, 0.05023665726184845, 0.009296176955103874, 0.04385604336857796, 0.02397785149514675, 0.03244003653526306, -3.367011231603101e-05, 0.033293988555669785, -0.010692656971514225, -0.0066041285172104836, -0.03986511379480362, -0.0900256484746933, -0.040442463010549545, -0.015103193931281567, -0.00967847928404808, 0.003539265599101782, -0.055984970182180405, 0.020904455333948135, -0.02497704140841961, 0.05582919344305992, -0.08332980424165726, -0.06072953715920448, -0.004673113115131855, -0.029323561117053032, 0.02667173370718956, -0.009201201610267162, 0.10779587924480438, -0.016548458486795425, -0.006754063069820404, 0.0050911023281514645, 0.005063455086201429, 0.04989536851644516, -0.03712015226483345, 0.06471634656190872, 0.0043146428652107716, -0.03522895649075508, -0.008799388073384762, -0.09534674137830734, -0.018094941973686218, -0.01449152547866106, -0.0167454332113266, 0.00912802666425705, -0.05816133692860603, 0.034761860966682434, -0.006582341156899929, 0.008409540168941021, -0.040064211934804916, 0.011282287538051605, -0.01078551635146141, -0.029810847714543343, 0.00034268858144059777, -0.009753908030688763, 0.0021934283431619406, -0.0280862208455801, -0.016306197270751, 0.04445191100239754, 0.05239221826195717, -0.014484650455415249, 0.0480753593146801, -0.013447157107293606, -0.01744180917739868, -0.03075118362903595, -0.047312311828136444, 0.05319100618362427, 0.06862279027700424, -0.04558269679546356, 0.004910217598080635, 0.025998733937740326, 0.07334090769290924, -0.031539905816316605, -0.00609409436583519, 0.01993028074502945, -0.056287750601768494, -0.022181294858455658, 0.03347351402044296, -7.254692900460213e-05, 0.01006948109716177, -0.049661483615636826, -0.0052038454450666904, 0.0028415126726031303, 0.03613030165433884, 0.017831919714808464, -0.0278498325496912, 0.007394549436867237, 0.06099372357130051, -0.026988208293914795, -0.034018341451883316, -0.04680472984910011, -0.03281121328473091, -0.009911144152283669, 0.02306407131254673, -0.012308210134506226, 0.021273838356137276, -0.04169483110308647, 0.05114505812525749, -0.03271662816405296, 0.03771461546421051, -0.027378210797905922, 0.04357188567519188, 0.027868395671248436, 0.03882884234189987, -0.03125857934355736, 0.012743099592626095, 0.001959076849743724, 0.03503343462944031, 0.03583476319909096, -0.018481876701116562, -0.008444863371551037, 0.0033123267348855734, 0.020672179758548737, 0.014346248470246792, 0.008006705902516842, 0.023767659440636635, 0.017754072323441505, -0.028169432654976845, 0.019381288439035416, -0.07882712781429291, 0.031785909086465836, -0.028135763481259346, 0.01889052987098694, -0.022634081542491913, 0.015168952755630016, 0.04820023104548454, 0.057798970490694046, 0.03906457498669624, -0.04280805587768555, -0.0012196180177852511, -0.04025835916399956, 0.002682839287444949, 0.0030070620123296976, -0.003939968999475241, 0.0019662894774228334, 0.0014933987986296415, 0.03772765398025513, -0.03331734612584114, -0.00557230319827795, -0.023218821734189987, 0.05796176195144653, -0.004974612034857273, 0.003882548538967967, 0.02046915516257286, -0.0037977793253958225, 0.0013520370703190565, -0.014222830533981323, 0.006682483479380608, -0.0329534150660038, 0.018183374777436256, -0.05265210196375847, -0.021825816482305527, -0.021404488012194633, 0.00899478793144226, -0.04995783418416977, 0.03966445103287697, -0.01035779807716608, -0.027670996263623238, 0.026617566123604774, -0.05528071150183678, 0.04288448020815849, -0.010176088660955429, 0.015483291819691658, 0.059977542608976364, -0.01764717884361744, 0.009426767937839031, 0.10943977534770966, 0.038630202412605286, -0.023468054831027985, 0.02463541179895401, -0.015334667637944221, -0.012158563360571861, 0.012110206298530102, 0.0013422617921605706, 0.012179972603917122, 0.0542578287422657, 0.011048851534724236, 0.020872673019766808, -0.02179720439016819, -0.05160430446267128, 0.005212654825299978, -0.007452727295458317, -0.011874809861183167, -0.03145907074213028, 0.040004897862672806, -0.02597971074283123, -0.020501578226685524, 0.05864331126213074, -0.0022057925816625357, 0.033391088247299194, -0.03581875562667847, 0.0416899137198925, -0.04574267193675041, -0.06760315597057343, -0.045892708003520966, -0.027642592787742615, 0.04224341735243797, 0.004279681481420994, 0.01720586232841015, 0.014275414869189262, -0.010378601960837841, 0.038506992161273956, 0.0036543007008731365, 0.02555227465927601, 0.03081139735877514, -0.0752212405204773, 0.014732182957231998, -0.027701590210199356, 0.002267424715682864, 0.03509199991822243, -0.06135401502251625, -0.02846706099808216, 0.019405579194426537, 0.016701044514775276, 0.011902667582035065, 0.038965895771980286, 0.005426251795142889, -0.015369506552815437, -0.028185999020934105, 0.030524542555212975, 0.048179443925619125, 0.01813594438135624, 0.004006010014563799, 0.01908978447318077, -0.025628985837101936, 0.034653566777706146, 0.021789425984025, 7.279038254637271e-05, -0.03952815383672714, -0.0013962857192382216, -0.01965499296784401, 0.027617309242486954, -0.05733690783381462, 0.017148759216070175, -0.060732126235961914, 0.00858503021299839, 0.024777185171842575, 0.011835778132081032, 0.02835327945649624, 0.0030708611011505127, -0.07361921668052673, 0.002809485886245966, -0.08419868350028992, -0.016163287684321404, -0.05234023183584213, -0.011051992885768414, -0.03455871716141701, -0.01241856999695301, 0.030572883784770966, -0.025277044624090195, 0.053364068269729614, -0.03442743420600891, 0.05490230768918991, 0.027806401252746582, -0.006417980883270502, -0.00995658803731203, 0.01718348264694214, 0.04772572219371796, 0.02748282626271248, 0.016265960410237312, -0.0071617537178099155, -0.014034191146492958, -0.07339747995138168, -0.025772860273718834, -0.013293164782226086, 0.022802168503403664, -0.019543491303920746, 0.014127561822533607, -0.06548533588647842, 0.001362656126730144, -0.006850322242826223, -0.009323842823505402, 0.056699614971876144, 0.010998304933309555, -0.013464045710861683, -0.037237443029880524, -0.01764295995235443, -0.08499415963888168, 0.039900682866573334, -0.01389940083026886, 0.038853082805871964, -0.04571165144443512, 0.018583763390779495, -0.013709025457501411, -0.056356191635131836, 0.01694674976170063, 0.011487769894301891, -0.0036628262605518103, -0.046348221600055695, 0.03200123459100723, 0.01738753356039524, 0.058702632784843445, -0.07980461418628693, 0.030695253983139992, 0.057558827102184296, -0.006689317058771849, 0.03523685783147812, -0.0005683102644979954, -0.027050994336605072, -0.004517958965152502, 0.0022247526794672012, -0.005412123631685972, 0.044257745146751404, -0.010858096182346344, 0.10273796319961548, -0.04847639426589012, -0.003997707739472389, -0.026479506865143776, 0.020917609333992004, -0.05261947959661484, 0.016921475529670715, -0.008237475529313087, -0.04571600630879402, 0.029582470655441284, 0.027767540886998177, 0.0055684735998511314, -0.03147103264927864, 0.006996879819780588, -0.022683169692754745, 0.018471673130989075, 0.02373882569372654, 0.01887441799044609, -0.0897810235619545, 0.01359153725206852, 0.04687228798866272, 0.040587786585092545, 0.025557661429047585, -0.009766947478055954, 0.01902863383293152, -0.017159242182970047, -0.055665355175733566, 0.0025424545165151358, -0.03899266943335533, 0.04505126550793648, -0.028224842622876167, 0.02435319684445858, -0.033813271671533585, 0.016649484634399414, -0.02929733879864216, -0.02382829040288925, -0.030495774000883102, -0.030209610238671303, 0.04564623907208443, -0.004211608320474625, 0.06522633880376816, -0.014719861559569836, -0.008174605667591095, -0.011321489699184895, 0.04653078317642212, -0.03881514072418213, -0.013758509419858456, -0.09188444912433624, 0.016489069908857346, -0.04212423041462898, 0.037785276770591736, 0.011042281985282898, -0.004875303711742163, 0.027384016662836075, 0.01983746699988842, -0.016421135514974594, -0.025682000443339348, 0.007823482155799866, -0.036940861493349075, -0.015793081372976303, -0.02929602563381195, -0.030924299731850624, -0.030789894983172417, -0.012667332775890827, 0.07406718283891678, -0.020728107541799545, -0.01379557978361845, -0.04040488600730896, -0.011575582437217236, -0.004224618896842003, -0.021799743175506592, -0.030411798506975174, -0.040398359298706055, 0.02231866493821144, 0.01415342465043068, 0.0072221579030156136, -0.018879234790802002, -0.04278241842985153, -0.007310059387236834, 0.03606851398944855, 0.011762852780520916, 0.03826102986931801, -0.026717254891991615, 0.018942750990390778, -0.005489438306540251, 0.007879376411437988, 0.028372857719659805, 0.03478284180164337, -0.05659566447138786, -0.031275831162929535, 0.036486465483903885, -0.07366570830345154, -0.038904063403606415, -0.07214736938476562, 0.01641044020652771, 0.02806217595934868, 0.008819337002933025, 0.004296528175473213, -0.01205561961978674, -0.03517463803291321, 0.044464122503995895, 0.009956885129213333, 0.022895999252796173, -0.050439655780792236, -0.019052177667617798, -0.011530561372637749, 0.00583237549290061, 0.01636730693280697, -0.05830516666173935, 0.008204931393265724, -0.037954673171043396, 0.02026231400668621, -0.02576955407857895, -0.004844793118536472, -0.025882046669721603, 0.0011799385538324714, 0.011938502080738544, 0.04256025701761246, 0.007066349033266306, -0.0036333189345896244, -0.04556088522076607, 0.01675587147474289, -0.05211538076400757, 0.003276343224570155, 0.022840017452836037, -0.018766529858112335, -0.011021259240806103, 0.03355541080236435, 0.052945926785469055, -0.03328719735145569, 0.00449036993086338, -0.009201542474329472, -0.0172557532787323, -0.03067030757665634, 0.0397215336561203, 0.03164025396108627, -0.030432306230068207, -0.04764828830957413, -0.010981648229062557, -0.050582405179739, -0.07054092735052109, -0.06177927926182747, -0.010100096464157104, -0.02468697354197502, -0.0039535523392260075, -0.016414282843470573, -0.0028715950902551413, 0.0362958088517189, -0.0875914916396141, -0.008568878285586834, 0.05332323536276817, 0.03544193133711815, -0.043228864669799805, 0.019163569435477257, -0.027660416439175606, 0.008630562573671341, -0.018578030169010162, 0.0250503271818161, 0.015320755541324615, 0.01836610957980156, 0.007643135264515877, -0.024593280628323555, 0.025771133601665497, 0.006336048245429993, -0.07468867301940918, 0.013407709077000618, 0.008529269136488438, 0.016441702842712402, -0.03257377818226814, -0.014802313409745693, 0.02389981597661972, -0.02438659593462944, 0.002080080099403858, 0.03858054056763649, -0.026335855945944786, -0.010219334624707699, 0.01380251720547676, -0.0249102171510458, 0.04490096494555473, -0.04855898767709732, 0.046604037284851074, 0.017718510702252388, -0.017370671033859253, -0.022181091830134392, -0.029822347685694695, 0.014628466218709946, -0.02179216407239437, 0.00674706045538187, -0.0198935866355896, 0.01953883096575737, -0.019107652828097343, 0.07487040013074875, -0.032418470829725266, 0.032086968421936035, 0.00874848011881113, 0.018440185114741325, -0.007459986489266157, -0.021472353488206863, -0.028499586507678032, -0.006875601597130299, 8.923969289753586e-05, -0.0024787141010165215, -0.04675621539354324, 0.051911771297454834, -0.07597540318965912, 0.02156921476125717, 0.020997652783989906, -0.06357748061418533, -0.046505216509103775, 0.004762368742376566, -0.03434181213378906, 0.04383821785449982, -0.027862345799803734, 0.03161054477095604, -0.019359126687049866, 0.0037310891784727573, -0.0027589350938796997, -0.05217054486274719, 0.0699741318821907, -0.021015334874391556, 0.02181093767285347, -0.05577646568417549, 0.04531363397836685, -0.028363967314362526, 0.015445009805262089, 0.02819106914103031, 0.015533491037786007, -0.029215767979621887, -0.002044409979134798, 0.030588854104280472, -0.005099077243357897, 0.03790441155433655, 0.03370445594191551, -0.014834479428827763, 0.010842644609510899, -0.0017674604896456003, -0.003561472287401557, -0.02216595783829689, 0.004342821426689625]",./aquastride_images/no-matching-pages.png,"Go
I'm sorry, but I cannot detect any table in the provided image. The image appears to be an illustration of a desk setup with various objects like a computer, magnifying glass, documents, glasses, and a coffee cup, but it does not contain any tabular data."
